k141_1012	bin.002
k141_1019	bin.002
k141_102	bin.002
k141_1022	bin.002
k141_1024	bin.002
k141_1026	bin.002
k141_1027	bin.002
k141_1029	bin.002
k141_104	bin.002
k141_1040	bin.002
k141_1042	bin.002
k141_1043	bin.002
k141_105	bin.002
k141_1053	bin.002
k141_1054	bin.002
k141_1065	bin.002
k141_1066	bin.002
k141_107	bin.002
k141_1071	bin.002
k141_1076	bin.002
k141_1079	bin.002
k141_108	bin.002
k141_1084	bin.002
k141_1086	bin.002
k141_1089	bin.002
k141_1093	bin.002
k141_1095	bin.002
k141_1098	bin.002
k141_11	bin.002
k141_1105	bin.002
k141_1107	bin.002
k141_1108	bin.002
k141_1110	bin.002
k141_1111	bin.002
k141_1117	bin.002
k141_1118	bin.002
k141_112	bin.002
k141_1124	bin.002
k141_1138	bin.002
k141_1139	bin.002
k141_1144	bin.002
k141_1153	bin.002
k141_1157	bin.002
k141_1161	bin.002
k141_1163	bin.002
k141_1166	bin.002
k141_1168	bin.002
k141_1172	bin.002
k141_1176	bin.002
k141_1178	bin.002
k141_1179	bin.002
k141_1183	bin.002
k141_1184	bin.002
k141_1186	bin.002
k141_119	bin.002
k141_1193	bin.002
k141_1202	bin.002
k141_1203	bin.002
k141_1210	bin.002
k141_1211	bin.002
k141_1216	bin.002
k141_1219	bin.002
k141_1221	bin.002
k141_1228	bin.002
k141_1232	bin.002
k141_1233	bin.002
k141_1241	bin.002
k141_1244	bin.002
k141_1245	bin.002
k141_1248	bin.002
k141_1252	bin.002
k141_1259	bin.002
k141_1263	bin.002
k141_1266	bin.002
k141_1269	bin.002
k141_127	bin.002
k141_1270	bin.002
k141_1272	bin.002
k141_1273	bin.002
k141_1278	bin.002
k141_1287	bin.002
k141_129	bin.002
k141_1291	bin.002
k141_1297	bin.002
k141_1298	bin.002
k141_1301	bin.002
k141_1307	bin.002
k141_1311	bin.002
k141_1314	bin.002
k141_1322	bin.002
k141_1324	bin.002
k141_1329	bin.002
k141_1333	bin.002
k141_134	bin.002
k141_1344	bin.002
k141_1347	bin.002
k141_1352	bin.002
k141_1353	bin.002
k141_1357	bin.002
k141_1362	bin.002
k141_138	bin.002
k141_1381	bin.002
k141_1384	bin.002
k141_1396	bin.002
k141_1397	bin.002
k141_1399	bin.002
k141_1406	bin.002
k141_1407	bin.002
k141_1409	bin.002
k141_1416	bin.002
k141_1417	bin.002
k141_1422	bin.002
k141_1428	bin.002
k141_1430	bin.002
k141_1434	bin.002
k141_1440	bin.002
k141_1441	bin.002
k141_1442	bin.002
k141_1446	bin.002
k141_1448	bin.002
k141_145	bin.002
k141_1450	bin.002
k141_1455	bin.002
k141_1469	bin.002
k141_1474	bin.002
k141_1489	bin.002
k141_1494	bin.002
k141_1502	bin.002
k141_1505	bin.002
k141_1506	bin.002
k141_1510	bin.002
k141_1511	bin.002
k141_1515	bin.002
k141_1517	bin.002
k141_1518	bin.002
k141_1520	bin.002
k141_1532	bin.002
k141_1533	bin.002
k141_1541	bin.002
k141_1542	bin.002
k141_1543	bin.002
k141_1544	bin.002
k141_1552	bin.002
k141_1554	bin.002
k141_1559	bin.002
k141_156	bin.002
k141_1562	bin.002
k141_1566	bin.002
k141_1570	bin.002
k141_1576	bin.002
k141_1578	bin.002
k141_1582	bin.002
k141_1585	bin.002
k141_1588	bin.002
k141_1595	bin.002
k141_1607	bin.002
k141_1609	bin.002
k141_161	bin.002
k141_1610	bin.002
k141_1617	bin.002
k141_1619	bin.002
k141_1624	bin.002
k141_1625	bin.002
k141_1626	bin.002
k141_1633	bin.002
k141_1637	bin.002
k141_164	bin.002
k141_1641	bin.002
k141_1644	bin.002
k141_1645	bin.002
k141_1651	bin.002
k141_1653	bin.002
k141_1665	bin.002
k141_1666	bin.002
k141_167	bin.002
k141_1682	bin.002
k141_1697	bin.002
k141_1711	bin.002
k141_1716	bin.002
k141_1717	bin.002
k141_1722	bin.002
k141_1728	bin.002
k141_1732	bin.002
k141_1737	bin.002
k141_1743	bin.002
k141_1745	bin.002
k141_1750	bin.002
k141_1751	bin.002
k141_1755	bin.002
k141_1758	bin.002
k141_1760	bin.002
k141_177	bin.002
k141_1772	bin.002
k141_1781	bin.002
k141_1784	bin.002
k141_1786	bin.002
k141_1787	bin.002
k141_179	bin.002
k141_1795	bin.002
k141_1808	bin.002
k141_1809	bin.002
k141_1810	bin.002
k141_1811	bin.002
k141_182	bin.002
k141_1833	bin.002
k141_1834	bin.002
k141_1835	bin.002
k141_1836	bin.002
k141_1840	bin.002
k141_1847	bin.002
k141_1848	bin.002
k141_1851	bin.002
k141_1856	bin.002
k141_1862	bin.002
k141_187	bin.002
k141_1876	bin.002
k141_189	bin.002
k141_1890	bin.002
k141_1893	bin.002
k141_1898	bin.002
k141_19	bin.002
k141_1901	bin.002
k141_1903	bin.002
k141_1907	bin.002
k141_1911	bin.002
k141_1916	bin.002
k141_192	bin.002
k141_1926	bin.002
k141_1927	bin.002
k141_1931	bin.002
k141_1934	bin.002
k141_194	bin.002
k141_1940	bin.002
k141_1950	bin.002
k141_1957	bin.002
k141_1959	bin.002
k141_1974	bin.002
k141_1975	bin.002
k141_1976	bin.002
k141_1990	bin.002
k141_1992	bin.002
k141_1997	bin.002
k141_200	bin.002
k141_2004	bin.002
k141_2005	bin.002
k141_2009	bin.002
k141_2027	bin.002
k141_203	bin.002
k141_2030	bin.002
k141_2034	bin.002
k141_2036	bin.002
k141_2037	bin.002
k141_2038	bin.002
k141_2040	bin.002
k141_2045	bin.002
k141_2047	bin.002
k141_205	bin.002
k141_2050	bin.002
k141_2054	bin.002
k141_206	bin.002
k141_2064	bin.002
k141_2071	bin.002
k141_2072	bin.002
k141_2073	bin.002
k141_2074	bin.002
k141_2081	bin.002
k141_2084	bin.002
k141_209	bin.002
k141_2094	bin.002
k141_2101	bin.002
k141_2114	bin.002
k141_212	bin.002
k141_2122	bin.002
k141_2130	bin.002
k141_2142	bin.002
k141_2148	bin.002
k141_2149	bin.002
k141_2165	bin.002
k141_2166	bin.002
k141_2176	bin.002
k141_2177	bin.002
k141_2181	bin.002
k141_2191	bin.002
k141_2194	bin.002
k141_2199	bin.002
k141_22	bin.002
k141_2205	bin.002
k141_2206	bin.002
k141_2208	bin.002
k141_221	bin.002
k141_2210	bin.002
k141_2219	bin.002
k141_2222	bin.002
k141_2225	bin.002
k141_2228	bin.002
k141_223	bin.002
k141_2233	bin.002
k141_2241	bin.002
k141_2249	bin.002
k141_225	bin.002
k141_226	bin.002
k141_2260	bin.002
k141_2279	bin.002
k141_2291	bin.002
k141_2297	bin.002
k141_2301	bin.002
k141_2302	bin.002
k141_2305	bin.002
k141_2307	bin.002
k141_2309	bin.002
k141_2312	bin.002
k141_2322	bin.002
k141_2323	bin.002
k141_2324	bin.002
k141_2334	bin.002
k141_234	bin.002
k141_2341	bin.002
k141_2344	bin.002
k141_2353	bin.002
k141_2355	bin.002
k141_2357	bin.002
k141_2358	bin.002
k141_2359	bin.002
k141_2370	bin.002
k141_2381	bin.002
k141_2386	bin.002
k141_239	bin.002
k141_2401	bin.002
k141_2408	bin.002
k141_241	bin.002
k141_2413	bin.002
k141_2427	bin.002
k141_2430	bin.002
k141_2431	bin.002
k141_2434	bin.002
k141_2435	bin.002
k141_2438	bin.002
k141_2444	bin.002
k141_2446	bin.002
k141_2457	bin.002
k141_2459	bin.002
k141_2461	bin.002
k141_2466	bin.002
k141_247	bin.002
k141_2491	bin.002
k141_2498	bin.002
k141_2499	bin.002
k141_2505	bin.002
k141_2506	bin.002
k141_2510	bin.002
k141_2511	bin.002
k141_2519	bin.002
k141_252	bin.002
k141_2520	bin.002
k141_2525	bin.002
k141_2528	bin.002
k141_2532	bin.002
k141_2538	bin.002
k141_2548	bin.002
k141_2556	bin.002
k141_256	bin.002
k141_2567	bin.002
k141_2575	bin.002
k141_258	bin.002
k141_2585	bin.002
k141_2593	bin.002
k141_2596	bin.002
k141_2603	bin.002
k141_2605	bin.002
k141_2612	bin.002
k141_2646	bin.002
k141_2648	bin.002
k141_2649	bin.002
k141_2657	bin.002
k141_2660	bin.002
k141_2665	bin.002
k141_2668	bin.002
k141_2673	bin.002
k141_2677	bin.002
k141_2686	bin.002
k141_2687	bin.002
k141_2693	bin.002
k141_2705	bin.002
k141_271	bin.002
k141_2710	bin.002
k141_2711	bin.002
k141_2713	bin.002
k141_2717	bin.002
k141_2720	bin.002
k141_2726	bin.002
k141_2728	bin.002
k141_2737	bin.002
k141_2738	bin.002
k141_2740	bin.002
k141_2742	bin.002
k141_2748	bin.002
k141_275	bin.002
k141_2757	bin.002
k141_2758	bin.002
k141_276	bin.002
k141_2765	bin.002
k141_2767	bin.002
k141_2768	bin.002
k141_2773	bin.002
k141_2774	bin.002
k141_2775	bin.002
k141_2776	bin.002
k141_2778	bin.002
k141_278	bin.002
k141_2785	bin.002
k141_279	bin.002
k141_2790	bin.002
k141_2797	bin.002
k141_28	bin.002
k141_2804	bin.002
k141_2805	bin.002
k141_2810	bin.002
k141_2814	bin.002
k141_2816	bin.002
k141_283	bin.002
k141_2833	bin.002
k141_2836	bin.002
k141_2837	bin.002
k141_2842	bin.002
k141_2849	bin.002
k141_285	bin.002
k141_2851	bin.002
k141_2859	bin.002
k141_286	bin.002
k141_2862	bin.002
k141_2868	bin.002
k141_2876	bin.002
k141_2877	bin.002
k141_2890	bin.002
k141_2894	bin.002
k141_290	bin.002
k141_2900	bin.002
k141_2902	bin.002
k141_2910	bin.002
k141_2921	bin.002
k141_2927	bin.002
k141_2937	bin.002
k141_2951	bin.002
k141_2959	bin.002
k141_296	bin.002
k141_2967	bin.002
k141_2978	bin.002
k141_2981	bin.002
k141_2985	bin.002
k141_2988	bin.002
k141_2996	bin.002
k141_3004	bin.002
k141_3007	bin.002
k141_3008	bin.002
k141_3015	bin.002
k141_302	bin.002
k141_3025	bin.002
k141_3028	bin.002
k141_3033	bin.002
k141_3046	bin.002
k141_3047	bin.002
k141_3055	bin.002
k141_3058	bin.002
k141_3060	bin.002
k141_307	bin.002
k141_3070	bin.002
k141_3072	bin.002
k141_3076	bin.002
k141_3078	bin.002
k141_3080	bin.002
k141_3084	bin.002
k141_3087	bin.002
k141_309	bin.002
k141_3100	bin.002
k141_3102	bin.002
k141_311	bin.002
k141_3116	bin.002
k141_3122	bin.002
k141_3133	bin.002
k141_3137	bin.002
k141_3139	bin.002
k141_3148	bin.002
k141_3151	bin.002
k141_3152	bin.002
k141_3154	bin.002
k141_3157	bin.002
k141_3161	bin.002
k141_3166	bin.002
k141_318	bin.002
k141_3183	bin.002
k141_3186	bin.002
k141_3187	bin.002
k141_3188	bin.002
k141_3189	bin.002
k141_3206	bin.002
k141_321	bin.002
k141_3213	bin.002
k141_3215	bin.002
k141_3217	bin.002
k141_3218	bin.002
k141_3227	bin.002
k141_3233	bin.002
k141_3238	bin.002
k141_324	bin.002
k141_3246	bin.002
k141_3248	bin.002
k141_325	bin.002
k141_3258	bin.002
k141_326	bin.002
k141_3260	bin.002
k141_3269	bin.002
k141_327	bin.002
k141_3273	bin.002
k141_3277	bin.002
k141_3283	bin.002
k141_3285	bin.002
k141_3291	bin.002
k141_33	bin.002
k141_3304	bin.002
k141_3309	bin.002
k141_331	bin.002
k141_3310	bin.002
k141_3317	bin.002
k141_3321	bin.002
k141_3327	bin.002
k141_3330	bin.002
k141_3337	bin.002
k141_334	bin.002
k141_3340	bin.002
k141_3343	bin.002
k141_3344	bin.002
k141_3345	bin.002
k141_3353	bin.002
k141_3354	bin.002
k141_336	bin.002
k141_3360	bin.002
k141_3363	bin.002
k141_3370	bin.002
k141_3371	bin.002
k141_3375	bin.002
k141_3376	bin.002
k141_3377	bin.002
k141_338	bin.002
k141_3384	bin.002
k141_3385	bin.002
k141_3391	bin.002
k141_3393	bin.002
k141_3400	bin.002
k141_3402	bin.002
k141_3405	bin.002
k141_3409	bin.002
k141_3411	bin.002
k141_3412	bin.002
k141_3413	bin.002
k141_3416	bin.002
k141_3417	bin.002
k141_342	bin.002
k141_3422	bin.002
k141_3423	bin.002
k141_3428	bin.002
k141_3429	bin.002
k141_344	bin.002
k141_3447	bin.002
k141_3452	bin.002
k141_3456	bin.002
k141_346	bin.002
k141_3460	bin.002
k141_3468	bin.002
k141_3478	bin.002
k141_3479	bin.002
k141_348	bin.002
k141_3483	bin.002
k141_3487	bin.002
k141_3493	bin.002
k141_350	bin.002
k141_3502	bin.002
k141_3506	bin.002
k141_3512	bin.002
k141_3529	bin.002
k141_3530	bin.002
k141_3542	bin.002
k141_3547	bin.002
k141_3551	bin.002
k141_3552	bin.002
k141_3553	bin.002
k141_3557	bin.002
k141_3558	bin.002
k141_3559	bin.002
k141_3560	bin.002
k141_3561	bin.002
k141_3565	bin.002
k141_3569	bin.002
k141_3570	bin.002
k141_3573	bin.002
k141_3576	bin.002
k141_3590	bin.002
k141_3591	bin.002
k141_3592	bin.002
k141_3593	bin.002
k141_3594	bin.002
k141_3600	bin.002
k141_3602	bin.002
k141_3607	bin.002
k141_3609	bin.002
k141_3614	bin.002
k141_3634	bin.002
k141_3637	bin.002
k141_3645	bin.002
k141_3650	bin.002
k141_3651	bin.002
k141_366	bin.002
k141_3664	bin.002
k141_3671	bin.002
k141_3675	bin.002
k141_3691	bin.002
k141_3692	bin.002
k141_3694	bin.002
k141_3695	bin.002
k141_370	bin.002
k141_3700	bin.002
k141_3708	bin.002
k141_3712	bin.002
k141_3717	bin.002
k141_3733	bin.002
k141_3734	bin.002
k141_3739	bin.002
k141_3746	bin.002
k141_3748	bin.002
k141_3752	bin.002
k141_3753	bin.002
k141_3758	bin.002
k141_3760	bin.002
k141_3761	bin.002
k141_3763	bin.002
k141_3766	bin.002
k141_3773	bin.002
k141_378	bin.002
k141_3780	bin.002
k141_3787	bin.002
k141_3796	bin.002
k141_3797	bin.002
k141_3801	bin.002
k141_3803	bin.002
k141_3804	bin.002
k141_3806	bin.002
k141_3808	bin.002
k141_381	bin.002
k141_3812	bin.002
k141_3816	bin.002
k141_3818	bin.002
k141_3827	bin.002
k141_3834	bin.002
k141_3843	bin.002
k141_3844	bin.002
k141_3847	bin.002
k141_3854	bin.002
k141_3861	bin.002
k141_3862	bin.002
k141_3865	bin.002
k141_3866	bin.002
k141_3868	bin.002
k141_3877	bin.002
k141_3879	bin.002
k141_3883	bin.002
k141_3884	bin.002
k141_3892	bin.002
k141_3896	bin.002
k141_3906	bin.002
k141_3910	bin.002
k141_3912	bin.002
k141_3915	bin.002
k141_3919	bin.002
k141_3928	bin.002
k141_3933	bin.002
k141_3937	bin.002
k141_3939	bin.002
k141_3942	bin.002
k141_3945	bin.002
k141_3951	bin.002
k141_3959	bin.002
k141_3960	bin.002
k141_3967	bin.002
k141_3968	bin.002
k141_397	bin.002
k141_3970	bin.002
k141_3982	bin.002
k141_3985	bin.002
k141_3997	bin.002
k141_3998	bin.002
k141_4000	bin.002
k141_4011	bin.002
k141_4014	bin.002
k141_4018	bin.002
k141_4019	bin.002
k141_4021	bin.002
k141_4028	bin.002
k141_4040	bin.002
k141_4053	bin.002
k141_406	bin.002
k141_4060	bin.002
k141_4063	bin.002
k141_4084	bin.002
k141_4099	bin.002
k141_4102	bin.002
k141_4106	bin.002
k141_4110	bin.002
k141_4113	bin.002
k141_4123	bin.002
k141_4125	bin.002
k141_4128	bin.002
k141_4129	bin.002
k141_4136	bin.002
k141_4139	bin.002
k141_4143	bin.002
k141_415	bin.002
k141_4153	bin.002
k141_4155	bin.002
k141_4162	bin.002
k141_4167	bin.002
k141_4176	bin.002
k141_4179	bin.002
k141_4187	bin.002
k141_419	bin.002
k141_4193	bin.002
k141_4195	bin.002
k141_4198	bin.002
k141_4204	bin.002
k141_4207	bin.002
k141_4210	bin.002
k141_4228	bin.002
k141_4232	bin.002
k141_4237	bin.002
k141_4239	bin.002
k141_425	bin.002
k141_4254	bin.002
k141_4258	bin.002
k141_4259	bin.002
k141_4269	bin.002
k141_4292	bin.002
k141_43	bin.002
k141_4301	bin.002
k141_4315	bin.002
k141_4321	bin.002
k141_4327	bin.002
k141_4329	bin.002
k141_4332	bin.002
k141_4337	bin.002
k141_4341	bin.002
k141_4348	bin.002
k141_4352	bin.002
k141_436	bin.002
k141_4363	bin.002
k141_437	bin.002
k141_4375	bin.002
k141_4376	bin.002
k141_4385	bin.002
k141_439	bin.002
k141_4392	bin.002
k141_4399	bin.002
k141_4403	bin.002
k141_441	bin.002
k141_4419	bin.002
k141_443	bin.002
k141_4441	bin.002
k141_4442	bin.002
k141_4448	bin.002
k141_4450	bin.002
k141_4452	bin.002
k141_4455	bin.002
k141_446	bin.002
k141_4465	bin.002
k141_4467	bin.002
k141_447	bin.002
k141_4472	bin.002
k141_4473	bin.002
k141_4474	bin.002
k141_4475	bin.002
k141_4484	bin.002
k141_4489	bin.002
k141_4498	bin.002
k141_4503	bin.002
k141_4504	bin.002
k141_4506	bin.002
k141_451	bin.002
k141_4512	bin.002
k141_4514	bin.002
k141_4516	bin.002
k141_4517	bin.002
k141_4518	bin.002
k141_4524	bin.002
k141_4531	bin.002
k141_4535	bin.002
k141_4544	bin.002
k141_4546	bin.002
k141_4547	bin.002
k141_455	bin.002
k141_4553	bin.002
k141_4555	bin.002
k141_4557	bin.002
k141_4558	bin.002
k141_4561	bin.002
k141_4562	bin.002
k141_4569	bin.002
k141_457	bin.002
k141_4591	bin.002
k141_4594	bin.002
k141_4599	bin.002
k141_4605	bin.002
k141_4609	bin.002
k141_4621	bin.002
k141_4627	bin.002
k141_4629	bin.002
k141_4637	bin.002
k141_4640	bin.002
k141_4643	bin.002
k141_4644	bin.002
k141_4650	bin.002
k141_4658	bin.002
k141_4661	bin.002
k141_4662	bin.002
k141_4664	bin.002
k141_4683	bin.002
k141_4692	bin.002
k141_4696	bin.002
k141_470	bin.002
k141_4703	bin.002
k141_4704	bin.002
k141_4712	bin.002
k141_4718	bin.002
k141_4724	bin.002
k141_4726	bin.002
k141_4728	bin.002
k141_4737	bin.002
k141_4739	bin.002
k141_4744	bin.002
k141_475	bin.002
k141_476	bin.002
k141_4761	bin.002
k141_4765	bin.002
k141_4769	bin.002
k141_4797	bin.002
k141_4799	bin.002
k141_4816	bin.002
k141_4820	bin.002
k141_4823	bin.002
k141_4826	bin.002
k141_4832	bin.002
k141_4839	bin.002
k141_4845	bin.002
k141_4854	bin.002
k141_486	bin.002
k141_4866	bin.002
k141_4869	bin.002
k141_487	bin.002
k141_4872	bin.002
k141_488	bin.002
k141_4883	bin.002
k141_489	bin.002
k141_4893	bin.002
k141_49	bin.002
k141_4900	bin.002
k141_4901	bin.002
k141_4908	bin.002
k141_4910	bin.002
k141_4915	bin.002
k141_4929	bin.002
k141_4933	bin.002
k141_4943	bin.002
k141_4945	bin.002
k141_4946	bin.002
k141_4948	bin.002
k141_4949	bin.002
k141_4953	bin.002
k141_4955	bin.002
k141_4959	bin.002
k141_4964	bin.002
k141_4967	bin.002
k141_4969	bin.002
k141_4971	bin.002
k141_4972	bin.002
k141_498	bin.002
k141_4982	bin.002
k141_499	bin.002
k141_4992	bin.002
k141_5006	bin.002
k141_5009	bin.002
k141_5010	bin.002
k141_5016	bin.002
k141_5022	bin.002
k141_5028	bin.002
k141_503	bin.002
k141_5035	bin.002
k141_5037	bin.002
k141_5038	bin.002
k141_5039	bin.002
k141_5040	bin.002
k141_5042	bin.002
k141_5044	bin.002
k141_5050	bin.002
k141_5051	bin.002
k141_5054	bin.002
k141_5055	bin.002
k141_5057	bin.002
k141_5058	bin.002
k141_5068	bin.002
k141_5069	bin.002
k141_507	bin.002
k141_5076	bin.002
k141_5084	bin.002
k141_5092	bin.002
k141_51	bin.002
k141_5107	bin.002
k141_5113	bin.002
k141_5115	bin.002
k141_5116	bin.002
k141_5118	bin.002
k141_5121	bin.002
k141_5123	bin.002
k141_5125	bin.002
k141_513	bin.002
k141_5134	bin.002
k141_5141	bin.002
k141_515	bin.002
k141_5154	bin.002
k141_5157	bin.002
k141_5161	bin.002
k141_517	bin.002
k141_5173	bin.002
k141_5180	bin.002
k141_5181	bin.002
k141_5203	bin.002
k141_5218	bin.002
k141_5219	bin.002
k141_5224	bin.002
k141_5227	bin.002
k141_5229	bin.002
k141_523	bin.002
k141_5230	bin.002
k141_5238	bin.002
k141_5243	bin.002
k141_5255	bin.002
k141_5256	bin.002
k141_5259	bin.002
k141_5263	bin.002
k141_5267	bin.002
k141_5282	bin.002
k141_5284	bin.002
k141_5289	bin.002
k141_5294	bin.002
k141_5296	bin.002
k141_5309	bin.002
k141_5311	bin.002
k141_5317	bin.002
k141_5319	bin.002
k141_5320	bin.002
k141_5329	bin.002
k141_5335	bin.002
k141_5336	bin.002
k141_5345	bin.002
k141_5346	bin.002
k141_5354	bin.002
k141_5355	bin.002
k141_5359	bin.002
k141_5365	bin.002
k141_5373	bin.002
k141_5376	bin.002
k141_5378	bin.002
k141_5383	bin.002
k141_5386	bin.002
k141_5408	bin.002
k141_5409	bin.002
k141_541	bin.002
k141_5410	bin.002
k141_5412	bin.002
k141_5415	bin.002
k141_5421	bin.002
k141_5430	bin.002
k141_5434	bin.002
k141_5447	bin.002
k141_5448	bin.002
k141_5450	bin.002
k141_5455	bin.002
k141_5458	bin.002
k141_5460	bin.002
k141_5467	bin.002
k141_547	bin.002
k141_5475	bin.002
k141_5476	bin.002
k141_5478	bin.002
k141_5479	bin.002
k141_5481	bin.002
k141_5493	bin.002
k141_5495	bin.002
k141_5498	bin.002
k141_5509	bin.002
k141_551	bin.002
k141_5515	bin.002
k141_5521	bin.002
k141_5526	bin.002
k141_5530	bin.002
k141_5532	bin.002
k141_5536	bin.002
k141_5540	bin.002
k141_5552	bin.002
k141_5559	bin.002
k141_5561	bin.002
k141_5567	bin.002
k141_5581	bin.002
k141_5585	bin.002
k141_559	bin.002
k141_5595	bin.002
k141_5603	bin.002
k141_5607	bin.002
k141_5616	bin.002
k141_5628	bin.002
k141_5630	bin.002
k141_5633	bin.002
k141_5642	bin.002
k141_5649	bin.002
k141_5653	bin.002
k141_5657	bin.002
k141_5677	bin.002
k141_5680	bin.002
k141_5691	bin.002
k141_5696	bin.002
k141_5704	bin.002
k141_5705	bin.002
k141_5715	bin.002
k141_5728	bin.002
k141_5731	bin.002
k141_5734	bin.002
k141_5742	bin.002
k141_5744	bin.002
k141_5745	bin.002
k141_575	bin.002
k141_5753	bin.002
k141_5755	bin.002
k141_5758	bin.002
k141_5760	bin.002
k141_577	bin.002
k141_5772	bin.002
k141_5775	bin.002
k141_5776	bin.002
k141_5778	bin.002
k141_578	bin.002
k141_5784	bin.002
k141_5796	bin.002
k141_5798	bin.002
k141_5799	bin.002
k141_58	bin.002
k141_5804	bin.002
k141_581	bin.002
k141_5812	bin.002
k141_5815	bin.002
k141_5818	bin.002
k141_583	bin.002
k141_5830	bin.002
k141_5834	bin.002
k141_5838	bin.002
k141_5840	bin.002
k141_585	bin.002
k141_5850	bin.002
k141_5853	bin.002
k141_5854	bin.002
k141_5862	bin.002
k141_5864	bin.002
k141_5866	bin.002
k141_5870	bin.002
k141_5883	bin.002
k141_5892	bin.002
k141_5899	bin.002
k141_590	bin.002
k141_5902	bin.002
k141_5905	bin.002
k141_591	bin.002
k141_5918	bin.002
k141_5919	bin.002
k141_592	bin.002
k141_5929	bin.002
k141_593	bin.002
k141_5930	bin.002
k141_5935	bin.002
k141_5936	bin.002
k141_5939	bin.002
k141_594	bin.002
k141_5940	bin.002
k141_5943	bin.002
k141_5949	bin.002
k141_595	bin.002
k141_5951	bin.002
k141_5954	bin.002
k141_5955	bin.002
k141_5968	bin.002
k141_5976	bin.002
k141_5979	bin.002
k141_5990	bin.002
k141_5993	bin.002
k141_5994	bin.002
k141_5996	bin.002
k141_5997	bin.002
k141_6001	bin.002
k141_6012	bin.002
k141_6023	bin.002
k141_6030	bin.002
k141_6035	bin.002
k141_604	bin.002
k141_605	bin.002
k141_6052	bin.002
k141_6053	bin.002
k141_6061	bin.002
k141_6066	bin.002
k141_6072	bin.002
k141_6073	bin.002
k141_6074	bin.002
k141_6076	bin.002
k141_6080	bin.002
k141_6088	bin.002
k141_6095	bin.002
k141_6096	bin.002
k141_6098	bin.002
k141_6102	bin.002
k141_6104	bin.002
k141_6118	bin.002
k141_6122	bin.002
k141_613	bin.002
k141_6134	bin.002
k141_6135	bin.002
k141_6137	bin.002
k141_6150	bin.002
k141_6152	bin.002
k141_6163	bin.002
k141_6166	bin.002
k141_6172	bin.002
k141_6174	bin.002
k141_6176	bin.002
k141_62	bin.002
k141_6206	bin.002
k141_6220	bin.002
k141_6226	bin.002
k141_6227	bin.002
k141_6229	bin.002
k141_6230	bin.002
k141_6233	bin.002
k141_6239	bin.002
k141_6240	bin.002
k141_6241	bin.002
k141_6243	bin.002
k141_6246	bin.002
k141_6248	bin.002
k141_6257	bin.002
k141_6259	bin.002
k141_626	bin.002
k141_6264	bin.002
k141_6265	bin.002
k141_6267	bin.002
k141_6268	bin.002
k141_6270	bin.002
k141_6276	bin.002
k141_6278	bin.002
k141_6280	bin.002
k141_6281	bin.002
k141_6283	bin.002
k141_6288	bin.002
k141_629	bin.002
k141_630	bin.002
k141_6308	bin.002
k141_6313	bin.002
k141_6322	bin.002
k141_6323	bin.002
k141_6330	bin.002
k141_6333	bin.002
k141_6348	bin.002
k141_6351	bin.002
k141_6354	bin.002
k141_6356	bin.002
k141_6365	bin.002
k141_6373	bin.002
k141_6378	bin.002
k141_6379	bin.002
k141_6380	bin.002
k141_639	bin.002
k141_6394	bin.002
k141_6395	bin.002
k141_640	bin.002
k141_6401	bin.002
k141_6409	bin.002
k141_641	bin.002
k141_6410	bin.002
k141_6413	bin.002
k141_6420	bin.002
k141_6432	bin.002
k141_6439	bin.002
k141_6440	bin.002
k141_6443	bin.002
k141_6448	bin.002
k141_6451	bin.002
k141_6453	bin.002
k141_6455	bin.002
k141_6459	bin.002
k141_6464	bin.002
k141_6474	bin.002
k141_649	bin.002
k141_6490	bin.002
k141_6496	bin.002
k141_6497	bin.002
k141_6506	bin.002
k141_6507	bin.002
k141_6509	bin.002
k141_6516	bin.002
k141_653	bin.002
k141_6535	bin.002
k141_6546	bin.002
k141_6547	bin.002
k141_655	bin.002
k141_6552	bin.002
k141_6559	bin.002
k141_656	bin.002
k141_6568	bin.002
k141_6577	bin.002
k141_6579	bin.002
k141_6582	bin.002
k141_6586	bin.002
k141_6606	bin.002
k141_6609	bin.002
k141_6615	bin.002
k141_6628	bin.002
k141_6636	bin.002
k141_6640	bin.002
k141_6642	bin.002
k141_6645	bin.002
k141_6647	bin.002
k141_6650	bin.002
k141_666	bin.002
k141_6669	bin.002
k141_6671	bin.002
k141_6681	bin.002
k141_6683	bin.002
k141_6685	bin.002
k141_6688	bin.002
k141_67	bin.002
k141_6701	bin.002
k141_6707	bin.002
k141_671	bin.002
k141_6715	bin.002
k141_6718	bin.002
k141_6720	bin.002
k141_6731	bin.002
k141_6737	bin.002
k141_6742	bin.002
k141_6743	bin.002
k141_6745	bin.002
k141_6746	bin.002
k141_6747	bin.002
k141_6752	bin.002
k141_6762	bin.002
k141_6763	bin.002
k141_6765	bin.002
k141_6768	bin.002
k141_677	bin.002
k141_6770	bin.002
k141_6773	bin.002
k141_6774	bin.002
k141_6776	bin.002
k141_6786	bin.002
k141_6793	bin.002
k141_6798	bin.002
k141_6800	bin.002
k141_6801	bin.002
k141_6802	bin.002
k141_6812	bin.002
k141_6818	bin.002
k141_6821	bin.002
k141_6823	bin.002
k141_6826	bin.002
k141_6827	bin.002
k141_6831	bin.002
k141_6839	bin.002
k141_6841	bin.002
k141_6842	bin.002
k141_6847	bin.002
k141_6848	bin.002
k141_6849	bin.002
k141_6850	bin.002
k141_6863	bin.002
k141_6873	bin.002
k141_6875	bin.002
k141_688	bin.002
k141_6908	bin.002
k141_691	bin.002
k141_6916	bin.002
k141_6917	bin.002
k141_692	bin.002
k141_6920	bin.002
k141_6929	bin.002
k141_6932	bin.002
k141_6936	bin.002
k141_694	bin.002
k141_6940	bin.002
k141_6947	bin.002
k141_6950	bin.002
k141_6968	bin.002
k141_6971	bin.002
k141_6976	bin.002
k141_6983	bin.002
k141_6985	bin.002
k141_7001	bin.002
k141_7004	bin.002
k141_7007	bin.002
k141_701	bin.002
k141_7018	bin.002
k141_7021	bin.002
k141_7024	bin.002
k141_7026	bin.002
k141_7029	bin.002
k141_703	bin.002
k141_7031	bin.002
k141_7032	bin.002
k141_7033	bin.002
k141_7039	bin.002
k141_7050	bin.002
k141_7053	bin.002
k141_7056	bin.002
k141_7058	bin.002
k141_7059	bin.002
k141_7066	bin.002
k141_7067	bin.002
k141_7072	bin.002
k141_7075	bin.002
k141_7082	bin.002
k141_7083	bin.002
k141_7084	bin.002
k141_7095	bin.002
k141_7097	bin.002
k141_7098	bin.002
k141_7099	bin.002
k141_71	bin.002
k141_7104	bin.002
k141_7109	bin.002
k141_7117	bin.002
k141_712	bin.002
k141_7125	bin.002
k141_7126	bin.002
k141_7127	bin.002
k141_7138	bin.002
k141_7139	bin.002
k141_714	bin.002
k141_7147	bin.002
k141_715	bin.002
k141_7158	bin.002
k141_7161	bin.002
k141_7163	bin.002
k141_7169	bin.002
k141_7171	bin.002
k141_7172	bin.002
k141_7175	bin.002
k141_7177	bin.002
k141_7180	bin.002
k141_7184	bin.002
k141_7185	bin.002
k141_7188	bin.002
k141_7196	bin.002
k141_72	bin.002
k141_7200	bin.002
k141_7207	bin.002
k141_721	bin.002
k141_7210	bin.002
k141_7214	bin.002
k141_722	bin.002
k141_7221	bin.002
k141_7223	bin.002
k141_7226	bin.002
k141_7232	bin.002
k141_7253	bin.002
k141_7254	bin.002
k141_7258	bin.002
k141_7259	bin.002
k141_7260	bin.002
k141_7276	bin.002
k141_7280	bin.002
k141_7283	bin.002
k141_7291	bin.002
k141_7297	bin.002
k141_73	bin.002
k141_7300	bin.002
k141_7301	bin.002
k141_7303	bin.002
k141_7304	bin.002
k141_7307	bin.002
k141_731	bin.002
k141_732	bin.002
k141_7321	bin.002
k141_7327	bin.002
k141_7328	bin.002
k141_7333	bin.002
k141_7337	bin.002
k141_734	bin.002
k141_7340	bin.002
k141_7347	bin.002
k141_7348	bin.002
k141_7349	bin.002
k141_7353	bin.002
k141_7358	bin.002
k141_7360	bin.002
k141_7362	bin.002
k141_7363	bin.002
k141_7364	bin.002
k141_7365	bin.002
k141_7380	bin.002
k141_7381	bin.002
k141_7385	bin.002
k141_7386	bin.002
k141_7393	bin.002
k141_7402	bin.002
k141_7407	bin.002
k141_7408	bin.002
k141_7410	bin.002
k141_7416	bin.002
k141_7433	bin.002
k141_7437	bin.002
k141_7438	bin.002
k141_7441	bin.002
k141_7445	bin.002
k141_7448	bin.002
k141_7453	bin.002
k141_746	bin.002
k141_7460	bin.002
k141_7466	bin.002
k141_7467	bin.002
k141_7470	bin.002
k141_7473	bin.002
k141_7474	bin.002
k141_7482	bin.002
k141_7485	bin.002
k141_7489	bin.002
k141_7490	bin.002
k141_7496	bin.002
k141_7497	bin.002
k141_7501	bin.002
k141_7502	bin.002
k141_7512	bin.002
k141_7515	bin.002
k141_7516	bin.002
k141_7519	bin.002
k141_7521	bin.002
k141_754	bin.002
k141_7546	bin.002
k141_7547	bin.002
k141_7555	bin.002
k141_7556	bin.002
k141_7561	bin.002
k141_7562	bin.002
k141_7567	bin.002
k141_7568	bin.002
k141_7574	bin.002
k141_7577	bin.002
k141_7578	bin.002
k141_7587	bin.002
k141_7594	bin.002
k141_7597	bin.002
k141_7600	bin.002
k141_7601	bin.002
k141_7605	bin.002
k141_7607	bin.002
k141_7624	bin.002
k141_7625	bin.002
k141_7627	bin.002
k141_7629	bin.002
k141_763	bin.002
k141_764	bin.002
k141_7643	bin.002
k141_7647	bin.002
k141_7649	bin.002
k141_7653	bin.002
k141_7654	bin.002
k141_766	bin.002
k141_7672	bin.002
k141_7675	bin.002
k141_7677	bin.002
k141_7678	bin.002
k141_7682	bin.002
k141_7690	bin.002
k141_7692	bin.002
k141_7696	bin.002
k141_7697	bin.002
k141_770	bin.002
k141_7711	bin.002
k141_7716	bin.002
k141_772	bin.002
k141_7721	bin.002
k141_7724	bin.002
k141_7728	bin.002
k141_7736	bin.002
k141_7737	bin.002
k141_7742	bin.002
k141_7747	bin.002
k141_7748	bin.002
k141_7752	bin.002
k141_7754	bin.002
k141_7757	bin.002
k141_7759	bin.002
k141_777	bin.002
k141_7775	bin.002
k141_7777	bin.002
k141_7786	bin.002
k141_779	bin.002
k141_7794	bin.002
k141_7805	bin.002
k141_7810	bin.002
k141_7814	bin.002
k141_7815	bin.002
k141_7817	bin.002
k141_7818	bin.002
k141_7821	bin.002
k141_7838	bin.002
k141_784	bin.002
k141_7840	bin.002
k141_7841	bin.002
k141_7848	bin.002
k141_7850	bin.002
k141_787	bin.002
k141_7876	bin.002
k141_788	bin.002
k141_7883	bin.002
k141_7895	bin.002
k141_79	bin.002
k141_7905	bin.002
k141_7907	bin.002
k141_791	bin.002
k141_7912	bin.002
k141_7914	bin.002
k141_7916	bin.002
k141_7918	bin.002
k141_792	bin.002
k141_7921	bin.002
k141_7924	bin.002
k141_7935	bin.002
k141_7937	bin.002
k141_794	bin.002
k141_7942	bin.002
k141_7954	bin.002
k141_7959	bin.002
k141_7964	bin.002
k141_7970	bin.002
k141_7978	bin.002
k141_798	bin.002
k141_7983	bin.002
k141_7987	bin.002
k141_7988	bin.002
k141_7991	bin.002
k141_7998	bin.002
k141_7999	bin.002
k141_8	bin.002
k141_8001	bin.002
k141_8009	bin.002
k141_8010	bin.002
k141_8018	bin.002
k141_8023	bin.002
k141_8030	bin.002
k141_8035	bin.002
k141_8049	bin.002
k141_8051	bin.002
k141_8055	bin.002
k141_8061	bin.002
k141_8069	bin.002
k141_807	bin.002
k141_8075	bin.002
k141_8077	bin.002
k141_8078	bin.002
k141_8081	bin.002
k141_8084	bin.002
k141_8085	bin.002
k141_8089	bin.002
k141_809	bin.002
k141_8090	bin.002
k141_8091	bin.002
k141_8094	bin.002
k141_8098	bin.002
k141_8104	bin.002
k141_8114	bin.002
k141_8123	bin.002
k141_8126	bin.002
k141_813	bin.002
k141_8130	bin.002
k141_8135	bin.002
k141_8136	bin.002
k141_8138	bin.002
k141_8139	bin.002
k141_814	bin.002
k141_8147	bin.002
k141_8150	bin.002
k141_8157	bin.002
k141_8168	bin.002
k141_817	bin.002
k141_8170	bin.002
k141_8171	bin.002
k141_8181	bin.002
k141_8184	bin.002
k141_819	bin.002
k141_8196	bin.002
k141_8204	bin.002
k141_8210	bin.002
k141_822	bin.002
k141_8224	bin.002
k141_8228	bin.002
k141_8232	bin.002
k141_8240	bin.002
k141_8242	bin.002
k141_8245	bin.002
k141_8258	bin.002
k141_8264	bin.002
k141_8265	bin.002
k141_8272	bin.002
k141_8276	bin.002
k141_8279	bin.002
k141_8281	bin.002
k141_8282	bin.002
k141_8287	bin.002
k141_8292	bin.002
k141_8296	bin.002
k141_83	bin.002
k141_830	bin.002
k141_831	bin.002
k141_833	bin.002
k141_836	bin.002
k141_844	bin.002
k141_846	bin.002
k141_851	bin.002
k141_852	bin.002
k141_855	bin.002
k141_858	bin.002
k141_861	bin.002
k141_863	bin.002
k141_864	bin.002
k141_87	bin.002
k141_870	bin.002
k141_877	bin.002
k141_879	bin.002
k141_882	bin.002
k141_883	bin.002
k141_891	bin.002
k141_893	bin.002
k141_894	bin.002
k141_899	bin.002
k141_907	bin.002
k141_91	bin.002
k141_911	bin.002
k141_913	bin.002
k141_919	bin.002
k141_926	bin.002
k141_928	bin.002
k141_932	bin.002
k141_936	bin.002
k141_939	bin.002
k141_943	bin.002
k141_946	bin.002
k141_947	bin.002
k141_948	bin.002
k141_949	bin.002
k141_950	bin.002
k141_960	bin.002
k141_964	bin.002
k141_965	bin.002
k141_968	bin.002
k141_973	bin.002
k141_974	bin.002
k141_982	bin.002
k141_990	bin.002
k141_992	bin.002
k141_996	bin.002
