k141_4168	bin.001
k141_6250	bin.001
k141_4170	bin.001
k141_2099	bin.001
k141_20	bin.001
k141_4180	bin.001
k141_24	bin.001
k141_26	bin.001
k141_4188	bin.001
k141_2103	bin.001
k141_27	bin.001
k141_30	bin.001
k141_2107	bin.001
k141_32	bin.001
k141_4201	bin.001
k141_4202	bin.001
k141_35	bin.001
k141_2110	bin.001
k141_4203	bin.001
k141_2111	bin.001
k141_2112	bin.001
k141_36	bin.001
k141_4205	bin.001
k141_2119	bin.001
k141_38	bin.001
k141_2120	bin.001
k141_2123	bin.001
k141_44	bin.001
k141_4213	bin.001
k141_6289	bin.001
k141_2125	bin.001
k141_4219	bin.001
k141_6293	bin.001
k141_4224	bin.001
k141_6296	bin.001
k141_6299	bin.001
k141_55	bin.001
k141_4229	bin.001
k141_6301	bin.001
k141_57	bin.001
k141_6302	bin.001
k141_2131	bin.001
k141_2133	bin.001
k141_4235	bin.001
k141_6311	bin.001
k141_66	bin.001
k141_2135	bin.001
k141_4238	bin.001
k141_6312	bin.001
k141_2137	bin.001
k141_6315	bin.001
k141_2139	bin.001
k141_2140	bin.001
k141_4243	bin.001
k141_68	bin.001
k141_4248	bin.001
k141_70	bin.001
k141_4250	bin.001
k141_6326	bin.001
k141_2146	bin.001
k141_4253	bin.001
k141_4257	bin.001
k141_6328	bin.001
k141_74	bin.001
k141_6329	bin.001
k141_2155	bin.001
k141_2157	bin.001
k141_78	bin.001
k141_6332	bin.001
k141_4274	bin.001
k141_4275	bin.001
k141_2159	bin.001
k141_80	bin.001
k141_2163	bin.001
k141_4278	bin.001
k141_6337	bin.001
k141_86	bin.001
k141_6342	bin.001
k141_4279	bin.001
k141_4280	bin.001
k141_90	bin.001
k141_93	bin.001
k141_4288	bin.001
k141_96	bin.001
k141_2168	bin.001
k141_6349	bin.001
k141_100	bin.001
k141_2174	bin.001
k141_4290	bin.001
k141_4291	bin.001
k141_6350	bin.001
k141_4294	bin.001
k141_4296	bin.001
k141_2178	bin.001
k141_6358	bin.001
k141_4303	bin.001
k141_114	bin.001
k141_6359	bin.001
k141_6360	bin.001
k141_116	bin.001
k141_117	bin.001
k141_4304	bin.001
k141_6364	bin.001
k141_120	bin.001
k141_4312	bin.001
k141_2189	bin.001
k141_4314	bin.001
k141_6366	bin.001
k141_6368	bin.001
k141_6371	bin.001
k141_133	bin.001
k141_4317	bin.001
k141_2197	bin.001
k141_2198	bin.001
k141_6375	bin.001
k141_4319	bin.001
k141_6376	bin.001
k141_142	bin.001
k141_4320	bin.001
k141_6377	bin.001
k141_2207	bin.001
k141_4322	bin.001
k141_143	bin.001
k141_4326	bin.001
k141_147	bin.001
k141_148	bin.001
k141_2218	bin.001
k141_151	bin.001
k141_4334	bin.001
k141_154	bin.001
k141_6386	bin.001
k141_2223	bin.001
k141_157	bin.001
k141_4340	bin.001
k141_160	bin.001
k141_6399	bin.001
k141_4343	bin.001
k141_4344	bin.001
k141_2231	bin.001
k141_4350	bin.001
k141_6411	bin.001
k141_2242	bin.001
k141_4353	bin.001
k141_2243	bin.001
k141_6416	bin.001
k141_168	bin.001
k141_169	bin.001
k141_2248	bin.001
k141_4359	bin.001
k141_172	bin.001
k141_2252	bin.001
k141_175	bin.001
k141_4362	bin.001
k141_6433	bin.001
k141_4367	bin.001
k141_4371	bin.001
k141_184	bin.001
k141_6436	bin.001
k141_2263	bin.001
k141_6438	bin.001
k141_2267	bin.001
k141_2269	bin.001
k141_6442	bin.001
k141_4380	bin.001
k141_190	bin.001
k141_6445	bin.001
k141_191	bin.001
k141_6449	bin.001
k141_2280	bin.001
k141_2283	bin.001
k141_2287	bin.001
k141_4384	bin.001
k141_6454	bin.001
k141_198	bin.001
k141_6456	bin.001
k141_4389	bin.001
k141_2294	bin.001
k141_6461	bin.001
k141_204	bin.001
k141_6465	bin.001
k141_6479	bin.001
k141_207	bin.001
k141_4410	bin.001
k141_6480	bin.001
k141_208	bin.001
k141_4411	bin.001
k141_4412	bin.001
k141_6481	bin.001
k141_4414	bin.001
k141_4415	bin.001
k141_2314	bin.001
k141_6484	bin.001
k141_4416	bin.001
k141_216	bin.001
k141_2318	bin.001
k141_4417	bin.001
k141_2321	bin.001
k141_6491	bin.001
k141_4420	bin.001
k141_6493	bin.001
k141_4421	bin.001
k141_4422	bin.001
k141_6495	bin.001
k141_4425	bin.001
k141_6499	bin.001
k141_6501	bin.001
k141_4429	bin.001
k141_2328	bin.001
k141_227	bin.001
k141_4432	bin.001
k141_6505	bin.001
k141_4435	bin.001
k141_2337	bin.001
k141_4443	bin.001
k141_2338	bin.001
k141_240	bin.001
k141_6512	bin.001
k141_4445	bin.001
k141_2340	bin.001
k141_242	bin.001
k141_4446	bin.001
k141_2343	bin.001
k141_6517	bin.001
k141_4449	bin.001
k141_6518	bin.001
k141_2350	bin.001
k141_6519	bin.001
k141_2351	bin.001
k141_4451	bin.001
k141_253	bin.001
k141_6526	bin.001
k141_254	bin.001
k141_6527	bin.001
k141_4463	bin.001
k141_6532	bin.001
k141_4466	bin.001
k141_6533	bin.001
k141_267	bin.001
k141_4468	bin.001
k141_6536	bin.001
k141_6539	bin.001
k141_2372	bin.001
k141_2374	bin.001
k141_274	bin.001
k141_2378	bin.001
k141_6540	bin.001
k141_4476	bin.001
k141_6542	bin.001
k141_2385	bin.001
k141_4486	bin.001
k141_284	bin.001
k141_2387	bin.001
k141_4488	bin.001
k141_2388	bin.001
k141_4490	bin.001
k141_4491	bin.001
k141_289	bin.001
k141_6548	bin.001
k141_2395	bin.001
k141_4493	bin.001
k141_6551	bin.001
k141_2397	bin.001
k141_294	bin.001
k141_4495	bin.001
k141_6558	bin.001
k141_2398	bin.001
k141_297	bin.001
k141_2402	bin.001
k141_6563	bin.001
k141_2404	bin.001
k141_6565	bin.001
k141_300	bin.001
k141_6570	bin.001
k141_2412	bin.001
k141_4509	bin.001
k141_6573	bin.001
k141_308	bin.001
k141_4513	bin.001
k141_2415	bin.001
k141_6575	bin.001
k141_2416	bin.001
k141_2417	bin.001
k141_6580	bin.001
k141_2421	bin.001
k141_2423	bin.001
k141_6585	bin.001
k141_4521	bin.001
k141_2424	bin.001
k141_6587	bin.001
k141_4522	bin.001
k141_6590	bin.001
k141_6591	bin.001
k141_6592	bin.001
k141_4526	bin.001
k141_4529	bin.001
k141_6594	bin.001
k141_4530	bin.001
k141_340	bin.001
k141_341	bin.001
k141_2441	bin.001
k141_2443	bin.001
k141_6608	bin.001
k141_4537	bin.001
k141_4538	bin.001
k141_6613	bin.001
k141_351	bin.001
k141_6614	bin.001
k141_4543	bin.001
k141_354	bin.001
k141_2452	bin.001
k141_6617	bin.001
k141_357	bin.001
k141_2454	bin.001
k141_6619	bin.001
k141_360	bin.001
k141_6620	bin.001
k141_361	bin.001
k141_6627	bin.001
k141_4550	bin.001
k141_2455	bin.001
k141_6630	bin.001
k141_4552	bin.001
k141_6633	bin.001
k141_2456	bin.001
k141_6635	bin.001
k141_6638	bin.001
k141_4556	bin.001
k141_384	bin.001
k141_2463	bin.001
k141_2464	bin.001
k141_6644	bin.001
k141_4560	bin.001
k141_2465	bin.001
k141_387	bin.001
k141_6646	bin.001
k141_388	bin.001
k141_4563	bin.001
k141_2468	bin.001
k141_4564	bin.001
k141_395	bin.001
k141_6649	bin.001
k141_2472	bin.001
k141_4568	bin.001
k141_396	bin.001
k141_6655	bin.001
k141_6657	bin.001
k141_398	bin.001
k141_399	bin.001
k141_4570	bin.001
k141_6663	bin.001
k141_2496	bin.001
k141_401	bin.001
k141_402	bin.001
k141_6667	bin.001
k141_4576	bin.001
k141_404	bin.001
k141_2501	bin.001
k141_405	bin.001
k141_4578	bin.001
k141_2502	bin.001
k141_2504	bin.001
k141_4580	bin.001
k141_4582	bin.001
k141_4585	bin.001
k141_4586	bin.001
k141_6673	bin.001
k141_4587	bin.001
k141_2512	bin.001
k141_428	bin.001
k141_6675	bin.001
k141_6676	bin.001
k141_435	bin.001
k141_6679	bin.001
k141_6680	bin.001
k141_2526	bin.001
k141_6682	bin.001
k141_4610	bin.001
k141_2529	bin.001
k141_4612	bin.001
k141_442	bin.001
k141_4614	bin.001
k141_4617	bin.001
k141_6687	bin.001
k141_4619	bin.001
k141_4620	bin.001
k141_453	bin.001
k141_2540	bin.001
k141_6691	bin.001
k141_4622	bin.001
k141_4623	bin.001
k141_4624	bin.001
k141_6695	bin.001
k141_459	bin.001
k141_6696	bin.001
k141_464	bin.001
k141_4631	bin.001
k141_6702	bin.001
k141_4633	bin.001
k141_2551	bin.001
k141_471	bin.001
k141_6704	bin.001
k141_2554	bin.001
k141_4638	bin.001
k141_6710	bin.001
k141_4642	bin.001
k141_6712	bin.001
k141_472	bin.001
k141_2560	bin.001
k141_473	bin.001
k141_2563	bin.001
k141_2566	bin.001
k141_6719	bin.001
k141_481	bin.001
k141_2570	bin.001
k141_4648	bin.001
k141_6721	bin.001
k141_483	bin.001
k141_2579	bin.001
k141_6722	bin.001
k141_4652	bin.001
k141_490	bin.001
k141_6724	bin.001
k141_497	bin.001
k141_2594	bin.001
k141_4659	bin.001
k141_6733	bin.001
k141_505	bin.001
k141_6739	bin.001
k141_6741	bin.001
k141_4668	bin.001
k141_2613	bin.001
k141_511	bin.001
k141_4669	bin.001
k141_6744	bin.001
k141_512	bin.001
k141_2614	bin.001
k141_2615	bin.001
k141_514	bin.001
k141_4678	bin.001
k141_2617	bin.001
k141_516	bin.001
k141_6748	bin.001
k141_2627	bin.001
k141_2628	bin.001
k141_6749	bin.001
k141_518	bin.001
k141_2630	bin.001
k141_519	bin.001
k141_2635	bin.001
k141_4691	bin.001
k141_6754	bin.001
k141_2636	bin.001
k141_524	bin.001
k141_6756	bin.001
k141_527	bin.001
k141_6760	bin.001
k141_4698	bin.001
k141_2643	bin.001
k141_2644	bin.001
k141_528	bin.001
k141_529	bin.001
k141_6764	bin.001
k141_4710	bin.001
k141_539	bin.001
k141_6767	bin.001
k141_2652	bin.001
k141_548	bin.001
k141_4717	bin.001
k141_4719	bin.001
k141_549	bin.001
k141_2662	bin.001
k141_6783	bin.001
k141_4725	bin.001
k141_550	bin.001
k141_6788	bin.001
k141_555	bin.001
k141_2674	bin.001
k141_6790	bin.001
k141_6791	bin.001
k141_562	bin.001
k141_2678	bin.001
k141_2682	bin.001
k141_2684	bin.001
k141_571	bin.001
k141_6794	bin.001
k141_2685	bin.001
k141_4746	bin.001
k141_4750	bin.001
k141_4756	bin.001
k141_6803	bin.001
k141_2690	bin.001
k141_6804	bin.001
k141_2691	bin.001
k141_4762	bin.001
k141_6806	bin.001
k141_4763	bin.001
k141_2697	bin.001
k141_588	bin.001
k141_2700	bin.001
k141_589	bin.001
k141_4768	bin.001
k141_4772	bin.001
k141_6825	bin.001
k141_4773	bin.001
k141_2708	bin.001
k141_4776	bin.001
k141_6830	bin.001
k141_4779	bin.001
k141_4785	bin.001
k141_6834	bin.001
k141_4791	bin.001
k141_4795	bin.001
k141_614	bin.001
k141_6838	bin.001
k141_2716	bin.001
k141_615	bin.001
k141_616	bin.001
k141_4802	bin.001
k141_2722	bin.001
k141_4803	bin.001
k141_2725	bin.001
k141_6846	bin.001
k141_4805	bin.001
k141_4807	bin.001
k141_2727	bin.001
k141_4810	bin.001
k141_2731	bin.001
k141_4813	bin.001
k141_633	bin.001
k141_6852	bin.001
k141_6854	bin.001
k141_634	bin.001
k141_4818	bin.001
k141_6855	bin.001
k141_4819	bin.001
k141_636	bin.001
k141_637	bin.001
k141_2744	bin.001
k141_6861	bin.001
k141_6864	bin.001
k141_2749	bin.001
k141_6865	bin.001
k141_6867	bin.001
k141_4833	bin.001
k141_6868	bin.001
k141_643	bin.001
k141_4835	bin.001
k141_6870	bin.001
k141_2754	bin.001
k141_6872	bin.001
k141_2761	bin.001
k141_651	bin.001
k141_4842	bin.001
k141_4843	bin.001
k141_654	bin.001
k141_6884	bin.001
k141_4848	bin.001
k141_6885	bin.001
k141_4849	bin.001
k141_657	bin.001
k141_4852	bin.001
k141_658	bin.001
k141_2770	bin.001
k141_6896	bin.001
k141_2771	bin.001
k141_6897	bin.001
k141_4857	bin.001
k141_6899	bin.001
k141_4860	bin.001
k141_664	bin.001
k141_4861	bin.001
k141_6901	bin.001
k141_673	bin.001
k141_2780	bin.001
k141_6902	bin.001
k141_2783	bin.001
k141_4863	bin.001
k141_680	bin.001
k141_681	bin.001
k141_2786	bin.001
k141_6909	bin.001
k141_682	bin.001
k141_684	bin.001
k141_2792	bin.001
k141_4877	bin.001
k141_4881	bin.001
k141_2793	bin.001
k141_6925	bin.001
k141_2796	bin.001
k141_6926	bin.001
k141_700	bin.001
k141_4889	bin.001
k141_4890	bin.001
k141_4891	bin.001
k141_4892	bin.001
k141_2807	bin.001
k141_709	bin.001
k141_6930	bin.001
k141_710	bin.001
k141_4894	bin.001
k141_4897	bin.001
k141_6934	bin.001
k141_4898	bin.001
k141_4899	bin.001
k141_2820	bin.001
k141_6935	bin.001
k141_2826	bin.001
k141_4904	bin.001
k141_2827	bin.001
k141_2831	bin.001
k141_4912	bin.001
k141_724	bin.001
k141_4914	bin.001
k141_725	bin.001
k141_2835	bin.001
k141_729	bin.001
k141_730	bin.001
k141_6952	bin.001
k141_4927	bin.001
k141_2839	bin.001
k141_6953	bin.001
k141_6958	bin.001
k141_4932	bin.001
k141_6959	bin.001
k141_6960	bin.001
k141_2845	bin.001
k141_6964	bin.001
k141_4940	bin.001
k141_744	bin.001
k141_2854	bin.001
k141_6970	bin.001
k141_750	bin.001
k141_4947	bin.001
k141_751	bin.001
k141_6972	bin.001
k141_2863	bin.001
k141_753	bin.001
k141_4951	bin.001
k141_6974	bin.001
k141_761	bin.001
k141_2867	bin.001
k141_762	bin.001
k141_4956	bin.001
k141_6978	bin.001
k141_2870	bin.001
k141_2872	bin.001
k141_2874	bin.001
k141_4957	bin.001
k141_6988	bin.001
k141_2880	bin.001
k141_6990	bin.001
k141_2883	bin.001
k141_771	bin.001
k141_6992	bin.001
k141_2885	bin.001
k141_4965	bin.001
k141_6993	bin.001
k141_4966	bin.001
k141_7002	bin.001
k141_4975	bin.001
k141_2891	bin.001
k141_786	bin.001
k141_4977	bin.001
k141_7011	bin.001
k141_4979	bin.001
k141_7015	bin.001
k141_2899	bin.001
k141_7017	bin.001
k141_4983	bin.001
k141_4985	bin.001
k141_4986	bin.001
k141_7019	bin.001
k141_4989	bin.001
k141_7022	bin.001
k141_2905	bin.001
k141_7023	bin.001
k141_801	bin.001
k141_4997	bin.001
k141_7025	bin.001
k141_2908	bin.001
k141_2909	bin.001
k141_7028	bin.001
k141_5008	bin.001
k141_815	bin.001
k141_2911	bin.001
k141_2913	bin.001
k141_2914	bin.001
k141_7047	bin.001
k141_5027	bin.001
k141_7052	bin.001
k141_2919	bin.001
k141_2920	bin.001
k141_5030	bin.001
k141_7055	bin.001
k141_832	bin.001
k141_2923	bin.001
k141_2926	bin.001
k141_834	bin.001
k141_2928	bin.001
k141_7061	bin.001
k141_2930	bin.001
k141_839	bin.001
k141_2931	bin.001
k141_845	bin.001
k141_7070	bin.001
k141_5046	bin.001
k141_5047	bin.001
k141_7074	bin.001
k141_2944	bin.001
k141_849	bin.001
k141_2945	bin.001
k141_2947	bin.001
k141_5052	bin.001
k141_5053	bin.001
k141_854	bin.001
k141_7076	bin.001
k141_2950	bin.001
k141_859	bin.001
k141_5059	bin.001
k141_5061	bin.001
k141_2955	bin.001
k141_7085	bin.001
k141_2956	bin.001
k141_7087	bin.001
k141_5066	bin.001
k141_865	bin.001
k141_2961	bin.001
k141_2962	bin.001
k141_872	bin.001
k141_2966	bin.001
k141_2968	bin.001
k141_5077	bin.001
k141_5080	bin.001
k141_2972	bin.001
k141_5081	bin.001
k141_880	bin.001
k141_5082	bin.001
k141_7112	bin.001
k141_2976	bin.001
k141_5083	bin.001
k141_881	bin.001
k141_7116	bin.001
k141_5089	bin.001
k141_2983	bin.001
k141_5094	bin.001
k141_7123	bin.001
k141_2986	bin.001
k141_890	bin.001
k141_5095	bin.001
k141_5096	bin.001
k141_7128	bin.001
k141_2991	bin.001
k141_7133	bin.001
k141_5105	bin.001
k141_7136	bin.001
k141_7137	bin.001
k141_900	bin.001
k141_2999	bin.001
k141_902	bin.001
k141_5111	bin.001
k141_3001	bin.001
k141_7140	bin.001
k141_905	bin.001
k141_7142	bin.001
k141_7144	bin.001
k141_7145	bin.001
k141_3011	bin.001
k141_7148	bin.001
k141_5119	bin.001
k141_7150	bin.001
k141_918	bin.001
k141_3016	bin.001
k141_920	bin.001
k141_7154	bin.001
k141_5122	bin.001
k141_922	bin.001
k141_923	bin.001
k141_3018	bin.001
k141_7156	bin.001
k141_925	bin.001
k141_3021	bin.001
k141_5126	bin.001
k141_7159	bin.001
k141_5127	bin.001
k141_7160	bin.001
k141_3029	bin.001
k141_3032	bin.001
k141_7162	bin.001
k141_933	bin.001
k141_3035	bin.001
k141_7164	bin.001
k141_5130	bin.001
k141_3038	bin.001
k141_5132	bin.001
k141_7167	bin.001
k141_3042	bin.001
k141_938	bin.001
k141_5138	bin.001
k141_3044	bin.001
k141_3045	bin.001
k141_940	bin.001
k141_942	bin.001
k141_7174	bin.001
k141_5144	bin.001
k141_7176	bin.001
k141_945	bin.001
k141_3050	bin.001
k141_3054	bin.001
k141_7178	bin.001
k141_3059	bin.001
k141_5163	bin.001
k141_3063	bin.001
k141_951	bin.001
k141_5167	bin.001
k141_3066	bin.001
k141_952	bin.001
k141_7183	bin.001
k141_3069	bin.001
k141_959	bin.001
k141_5176	bin.001
k141_969	bin.001
k141_5185	bin.001
k141_5186	bin.001
k141_971	bin.001
k141_3075	bin.001
k141_5191	bin.001
k141_7198	bin.001
k141_3077	bin.001
k141_5193	bin.001
k141_976	bin.001
k141_978	bin.001
k141_3081	bin.001
k141_5202	bin.001
k141_981	bin.001
k141_3082	bin.001
k141_7202	bin.001
k141_3083	bin.001
k141_5206	bin.001
k141_986	bin.001
k141_5213	bin.001
k141_5214	bin.001
k141_3093	bin.001
k141_3094	bin.001
k141_7209	bin.001
k141_989	bin.001
k141_5215	bin.001
k141_3097	bin.001
k141_5217	bin.001
k141_995	bin.001
k141_7212	bin.001
k141_1000	bin.001
k141_3104	bin.001
k141_5220	bin.001
k141_1001	bin.001
k141_7215	bin.001
k141_3105	bin.001
k141_1011	bin.001
k141_5228	bin.001
k141_1017	bin.001
k141_3106	bin.001
k141_3107	bin.001
k141_5231	bin.001
k141_1021	bin.001
k141_3113	bin.001
k141_7229	bin.001
k141_3115	bin.001
k141_1023	bin.001
k141_5237	bin.001
k141_7236	bin.001
k141_3121	bin.001
k141_7245	bin.001
k141_1028	bin.001
k141_5241	bin.001
k141_1030	bin.001
k141_3131	bin.001
k141_5250	bin.001
k141_1032	bin.001
k141_5253	bin.001
k141_1033	bin.001
k141_3135	bin.001
k141_7255	bin.001
k141_1036	bin.001
k141_3136	bin.001
k141_1038	bin.001
k141_5261	bin.001
k141_3144	bin.001
k141_1049	bin.001
k141_1050	bin.001
k141_7264	bin.001
k141_1051	bin.001
k141_5270	bin.001
k141_1052	bin.001
k141_7274	bin.001
k141_3153	bin.001
k141_5279	bin.001
k141_1055	bin.001
k141_3158	bin.001
k141_1056	bin.001
k141_3159	bin.001
k141_1059	bin.001
k141_3162	bin.001
k141_7286	bin.001
k141_1070	bin.001
k141_7290	bin.001
k141_5295	bin.001
k141_7295	bin.001
k141_5299	bin.001
k141_1075	bin.001
k141_5302	bin.001
k141_1077	bin.001
k141_3176	bin.001
k141_5307	bin.001
k141_1082	bin.001
k141_7302	bin.001
k141_5310	bin.001
k141_3180	bin.001
k141_1087	bin.001
k141_5313	bin.001
k141_7305	bin.001
k141_1090	bin.001
k141_5318	bin.001
k141_7309	bin.001
k141_5321	bin.001
k141_5324	bin.001
k141_7314	bin.001
k141_3191	bin.001
k141_1099	bin.001
k141_5326	bin.001
k141_1101	bin.001
k141_7323	bin.001
k141_7324	bin.001
k141_1106	bin.001
k141_5330	bin.001
k141_3207	bin.001
k141_5333	bin.001
k141_3209	bin.001
k141_3210	bin.001
k141_5337	bin.001
k141_5340	bin.001
k141_5343	bin.001
k141_7345	bin.001
k141_5349	bin.001
k141_3221	bin.001
k141_7351	bin.001
k141_1126	bin.001
k141_3223	bin.001
k141_5352	bin.001
k141_3225	bin.001
k141_1131	bin.001
k141_1134	bin.001
k141_7355	bin.001
k141_5366	bin.001
k141_5368	bin.001
k141_1142	bin.001
k141_1143	bin.001
k141_7356	bin.001
k141_5371	bin.001
k141_3239	bin.001
k141_1146	bin.001
k141_3244	bin.001
k141_7361	bin.001
k141_5377	bin.001
k141_1148	bin.001
k141_5381	bin.001
k141_3250	bin.001
k141_5382	bin.001
k141_1149	bin.001
k141_3252	bin.001
k141_3253	bin.001
k141_1150	bin.001
k141_3255	bin.001
k141_7366	bin.001
k141_5387	bin.001
k141_5388	bin.001
k141_1151	bin.001
k141_5389	bin.001
k141_7376	bin.001
k141_3259	bin.001
k141_7378	bin.001
k141_5393	bin.001
k141_1159	bin.001
k141_5396	bin.001
k141_7382	bin.001
k141_3262	bin.001
k141_5397	bin.001
k141_7383	bin.001
k141_5401	bin.001
k141_5402	bin.001
k141_5404	bin.001
k141_3276	bin.001
k141_7389	bin.001
k141_5405	bin.001
k141_1170	bin.001
k141_7390	bin.001
k141_3278	bin.001
k141_7392	bin.001
k141_1174	bin.001
k141_7394	bin.001
k141_3284	bin.001
k141_7397	bin.001
k141_3288	bin.001
k141_1181	bin.001
k141_7399	bin.001
k141_7400	bin.001
k141_5417	bin.001
k141_5418	bin.001
k141_3292	bin.001
k141_1188	bin.001
k141_1189	bin.001
k141_5420	bin.001
k141_1190	bin.001
k141_7404	bin.001
k141_1191	bin.001
k141_3295	bin.001
k141_5423	bin.001
k141_3296	bin.001
k141_5425	bin.001
k141_3299	bin.001
k141_3302	bin.001
k141_7412	bin.001
k141_5428	bin.001
k141_7414	bin.001
k141_1204	bin.001
k141_3303	bin.001
k141_1205	bin.001
k141_7417	bin.001
k141_1206	bin.001
k141_7419	bin.001
k141_1208	bin.001
k141_7420	bin.001
k141_7426	bin.001
k141_1209	bin.001
k141_3312	bin.001
k141_5438	bin.001
k141_7432	bin.001
k141_3316	bin.001
k141_3318	bin.001
k141_1217	bin.001
k141_3322	bin.001
k141_1218	bin.001
k141_3323	bin.001
k141_7446	bin.001
k141_7447	bin.001
k141_5454	bin.001
k141_3324	bin.001
k141_1225	bin.001
k141_7449	bin.001
k141_1231	bin.001
k141_3328	bin.001
k141_3332	bin.001
k141_7456	bin.001
k141_3336	bin.001
k141_7457	bin.001
k141_3339	bin.001
k141_1235	bin.001
k141_7462	bin.001
k141_1238	bin.001
k141_5482	bin.001
k141_1239	bin.001
k141_7465	bin.001
k141_5485	bin.001
k141_3346	bin.001
k141_5489	bin.001
k141_3347	bin.001
k141_5490	bin.001
k141_5492	bin.001
k141_3350	bin.001
k141_7468	bin.001
k141_5500	bin.001
k141_3351	bin.001
k141_5501	bin.001
k141_1258	bin.001
k141_7475	bin.001
k141_7477	bin.001
k141_3357	bin.001
k141_5506	bin.001
k141_3361	bin.001
k141_1271	bin.001
k141_3368	bin.001
k141_5511	bin.001
k141_1276	bin.001
k141_1277	bin.001
k141_5518	bin.001
k141_7492	bin.001
k141_5522	bin.001
k141_1279	bin.001
k141_1283	bin.001
k141_7499	bin.001
k141_5524	bin.001
k141_3380	bin.001
k141_5525	bin.001
k141_1296	bin.001
k141_7503	bin.001
k141_7504	bin.001
k141_3388	bin.001
k141_1300	bin.001
k141_5535	bin.001
k141_5538	bin.001
k141_1304	bin.001
k141_7513	bin.001
k141_1306	bin.001
k141_3399	bin.001
k141_3401	bin.001
k141_1309	bin.001
k141_5544	bin.001
k141_7517	bin.001
k141_1310	bin.001
k141_5556	bin.001
k141_7523	bin.001
k141_5562	bin.001
k141_7530	bin.001
k141_7531	bin.001
k141_1317	bin.001
k141_3415	bin.001
k141_1320	bin.001
k141_1321	bin.001
k141_7540	bin.001
k141_5582	bin.001
k141_5584	bin.001
k141_1325	bin.001
k141_5586	bin.001
k141_7553	bin.001
k141_5594	bin.001
k141_1331	bin.001
k141_3434	bin.001
k141_3440	bin.001
k141_1334	bin.001
k141_5601	bin.001
k141_1340	bin.001
k141_3446	bin.001
k141_1341	bin.001
k141_3451	bin.001
k141_5605	bin.001
k141_1343	bin.001
k141_7570	bin.001
k141_3455	bin.001
k141_7575	bin.001
k141_5606	bin.001
k141_1345	bin.001
k141_3463	bin.001
k141_7576	bin.001
k141_1346	bin.001
k141_5612	bin.001
k141_3470	bin.001
k141_7580	bin.001
k141_3471	bin.001
k141_5614	bin.001
k141_3472	bin.001
k141_3473	bin.001
k141_7582	bin.001
k141_5623	bin.001
k141_7586	bin.001
k141_5625	bin.001
k141_1358	bin.001
k141_1359	bin.001
k141_1360	bin.001
k141_1363	bin.001
k141_3486	bin.001
k141_1372	bin.001
k141_5639	bin.001
k141_1377	bin.001
k141_3499	bin.001
k141_1379	bin.001
k141_7611	bin.001
k141_3503	bin.001
k141_1382	bin.001
k141_5643	bin.001
k141_7613	bin.001
k141_1383	bin.001
k141_5647	bin.001
k141_1386	bin.001
k141_7616	bin.001
k141_3519	bin.001
k141_5648	bin.001
k141_3522	bin.001
k141_7618	bin.001
k141_5652	bin.001
k141_7621	bin.001
k141_1387	bin.001
k141_7622	bin.001
k141_1391	bin.001
k141_3524	bin.001
k141_1394	bin.001
k141_5659	bin.001
k141_1395	bin.001
k141_5663	bin.001
k141_7626	bin.001
k141_3531	bin.001
k141_3533	bin.001
k141_1398	bin.001
k141_5670	bin.001
k141_3538	bin.001
k141_1404	bin.001
k141_3539	bin.001
k141_7632	bin.001
k141_3541	bin.001
k141_5678	bin.001
k141_7639	bin.001
k141_5679	bin.001
k141_7646	bin.001
k141_5685	bin.001
k141_5686	bin.001
k141_1423	bin.001
k141_5689	bin.001
k141_7657	bin.001
k141_7659	bin.001
k141_5692	bin.001
k141_1429	bin.001
k141_7661	bin.001
k141_3566	bin.001
k141_7665	bin.001
k141_7666	bin.001
k141_5698	bin.001
k141_1431	bin.001
k141_3574	bin.001
k141_1433	bin.001
k141_7670	bin.001
k141_5699	bin.001
k141_1438	bin.001
k141_5701	bin.001
k141_1439	bin.001
k141_3579	bin.001
k141_3580	bin.001
k141_3583	bin.001
k141_1443	bin.001
k141_5714	bin.001
k141_7685	bin.001
k141_1444	bin.001
k141_7691	bin.001
k141_1445	bin.001
k141_5723	bin.001
k141_7699	bin.001
k141_1453	bin.001
k141_7701	bin.001
k141_1454	bin.001
k141_3604	bin.001
k141_7703	bin.001
k141_3605	bin.001
k141_7708	bin.001
k141_5739	bin.001
k141_5740	bin.001
k141_7709	bin.001
k141_3606	bin.001
k141_1466	bin.001
k141_5746	bin.001
k141_3613	bin.001
k141_5747	bin.001
k141_5750	bin.001
k141_1471	bin.001
k141_7726	bin.001
k141_3622	bin.001
k141_1477	bin.001
k141_1480	bin.001
k141_5762	bin.001
k141_1481	bin.001
k141_3631	bin.001
k141_7731	bin.001
k141_7732	bin.001
k141_3633	bin.001
k141_5768	bin.001
k141_1485	bin.001
k141_1486	bin.001
k141_1490	bin.001
k141_3647	bin.001
k141_3649	bin.001
k141_5779	bin.001
k141_1495	bin.001
k141_5781	bin.001
k141_1499	bin.001
k141_5782	bin.001
k141_3654	bin.001
k141_7756	bin.001
k141_3657	bin.001
k141_1501	bin.001
k141_7758	bin.001
k141_3662	bin.001
k141_5791	bin.001
k141_5792	bin.001
k141_1504	bin.001
k141_5793	bin.001
k141_5794	bin.001
k141_7768	bin.001
k141_3670	bin.001
k141_5797	bin.001
k141_7771	bin.001
k141_5801	bin.001
k141_3679	bin.001
k141_5802	bin.001
k141_3680	bin.001
k141_7781	bin.001
k141_5803	bin.001
k141_1508	bin.001
k141_3682	bin.001
k141_3686	bin.001
k141_1509	bin.001
k141_5805	bin.001
k141_3688	bin.001
k141_5809	bin.001
k141_7800	bin.001
k141_1513	bin.001
k141_1514	bin.001
k141_7804	bin.001
k141_3693	bin.001
k141_5826	bin.001
k141_7806	bin.001
k141_1527	bin.001
k141_5829	bin.001
k141_7808	bin.001
k141_1528	bin.001
k141_3698	bin.001
k141_3699	bin.001
k141_5833	bin.001
k141_7812	bin.001
k141_1534	bin.001
k141_1536	bin.001
k141_3701	bin.001
k141_1540	bin.001
k141_3704	bin.001
k141_5835	bin.001
k141_5837	bin.001
k141_3711	bin.001
k141_5846	bin.001
k141_5847	bin.001
k141_3714	bin.001
k141_7835	bin.001
k141_7837	bin.001
k141_5851	bin.001
k141_3718	bin.001
k141_3719	bin.001
k141_5856	bin.001
k141_1555	bin.001
k141_7843	bin.001
k141_1556	bin.001
k141_5859	bin.001
k141_7844	bin.001
k141_3728	bin.001
k141_1558	bin.001
k141_3730	bin.001
k141_7847	bin.001
k141_5860	bin.001
k141_1560	bin.001
k141_5863	bin.001
k141_3736	bin.001
k141_1563	bin.001
k141_7851	bin.001
k141_3737	bin.001
k141_7853	bin.001
k141_1564	bin.001
k141_1565	bin.001
k141_5869	bin.001
k141_7861	bin.001
k141_1569	bin.001
k141_7868	bin.001
k141_5875	bin.001
k141_3755	bin.001
k141_1572	bin.001
k141_7869	bin.001
k141_5876	bin.001
k141_3757	bin.001
k141_5877	bin.001
k141_1575	bin.001
k141_7871	bin.001
k141_7873	bin.001
k141_5885	bin.001
k141_1577	bin.001
k141_7878	bin.001
k141_5889	bin.001
k141_3762	bin.001
k141_3765	bin.001
k141_7884	bin.001
k141_7886	bin.001
k141_1583	bin.001
k141_5900	bin.001
k141_3772	bin.001
k141_7893	bin.001
k141_7898	bin.001
k141_5906	bin.001
k141_7904	bin.001
k141_1589	bin.001
k141_5908	bin.001
k141_3783	bin.001
k141_1591	bin.001
k141_1592	bin.001
k141_5912	bin.001
k141_3790	bin.001
k141_1593	bin.001
k141_3792	bin.001
k141_5915	bin.001
k141_1594	bin.001
k141_1599	bin.001
k141_1600	bin.001
k141_7919	bin.001
k141_5917	bin.001
k141_1602	bin.001
k141_1603	bin.001
k141_7927	bin.001
k141_5920	bin.001
k141_7929	bin.001
k141_5921	bin.001
k141_7931	bin.001
k141_3813	bin.001
k141_5922	bin.001
k141_7934	bin.001
k141_5934	bin.001
k141_7938	bin.001
k141_3822	bin.001
k141_5937	bin.001
k141_3829	bin.001
k141_3832	bin.001
k141_7952	bin.001
k141_1632	bin.001
k141_5945	bin.001
k141_3840	bin.001
k141_1636	bin.001
k141_5950	bin.001
k141_3849	bin.001
k141_7973	bin.001
k141_5952	bin.001
k141_7974	bin.001
k141_3852	bin.001
k141_7975	bin.001
k141_5962	bin.001
k141_7984	bin.001
k141_5966	bin.001
k141_5970	bin.001
k141_1661	bin.001
k141_7986	bin.001
k141_5974	bin.001
k141_3873	bin.001
k141_5977	bin.001
k141_3875	bin.001
k141_5980	bin.001
k141_3880	bin.001
k141_5981	bin.001
k141_1676	bin.001
k141_5983	bin.001
k141_5985	bin.001
k141_8002	bin.001
k141_3886	bin.001
k141_1679	bin.001
k141_3891	bin.001
k141_1683	bin.001
k141_5987	bin.001
k141_1685	bin.001
k141_8005	bin.001
k141_1687	bin.001
k141_8008	bin.001
k141_3900	bin.001
k141_1693	bin.001
k141_8012	bin.001
k141_1698	bin.001
k141_3902	bin.001
k141_5998	bin.001
k141_1699	bin.001
k141_8019	bin.001
k141_6002	bin.001
k141_1702	bin.001
k141_1703	bin.001
k141_6010	bin.001
k141_1708	bin.001
k141_6017	bin.001
k141_8031	bin.001
k141_3917	bin.001
k141_1710	bin.001
k141_6022	bin.001
k141_3918	bin.001
k141_1712	bin.001
k141_3920	bin.001
k141_6024	bin.001
k141_1713	bin.001
k141_3921	bin.001
k141_8036	bin.001
k141_6028	bin.001
k141_8038	bin.001
k141_8043	bin.001
k141_3932	bin.001
k141_8045	bin.001
k141_1723	bin.001
k141_6034	bin.001
k141_3934	bin.001
k141_6044	bin.001
k141_8052	bin.001
k141_8053	bin.001
k141_3947	bin.001
k141_1729	bin.001
k141_3950	bin.001
k141_8057	bin.001
k141_1731	bin.001
k141_6046	bin.001
k141_3956	bin.001
k141_1734	bin.001
k141_8065	bin.001
k141_3957	bin.001
k141_1735	bin.001
k141_3958	bin.001
k141_8067	bin.001
k141_1738	bin.001
k141_6058	bin.001
k141_8072	bin.001
k141_3962	bin.001
k141_6062	bin.001
k141_3963	bin.001
k141_3969	bin.001
k141_8079	bin.001
k141_6070	bin.001
k141_1748	bin.001
k141_3971	bin.001
k141_3984	bin.001
k141_3986	bin.001
k141_1752	bin.001
k141_3987	bin.001
k141_1754	bin.001
k141_6077	bin.001
k141_1757	bin.001
k141_3990	bin.001
k141_6079	bin.001
k141_3994	bin.001
k141_8100	bin.001
k141_3995	bin.001
k141_1767	bin.001
k141_8108	bin.001
k141_8111	bin.001
k141_4007	bin.001
k141_6091	bin.001
k141_1773	bin.001
k141_4009	bin.001
k141_6093	bin.001
k141_8118	bin.001
k141_1777	bin.001
k141_8119	bin.001
k141_8122	bin.001
k141_8125	bin.001
k141_6097	bin.001
k141_1785	bin.001
k141_4022	bin.001
k141_8128	bin.001
k141_1792	bin.001
k141_6105	bin.001
k141_1793	bin.001
k141_8133	bin.001
k141_4037	bin.001
k141_1794	bin.001
k141_6114	bin.001
k141_8137	bin.001
k141_1798	bin.001
k141_1800	bin.001
k141_4050	bin.001
k141_6128	bin.001
k141_4051	bin.001
k141_8144	bin.001
k141_6132	bin.001
k141_4054	bin.001
k141_8149	bin.001
k141_4055	bin.001
k141_6139	bin.001
k141_1813	bin.001
k141_8154	bin.001
k141_8156	bin.001
k141_6144	bin.001
k141_1815	bin.001
k141_4064	bin.001
k141_1817	bin.001
k141_8162	bin.001
k141_4073	bin.001
k141_1821	bin.001
k141_4074	bin.001
k141_1826	bin.001
k141_6153	bin.001
k141_8163	bin.001
k141_8165	bin.001
k141_4075	bin.001
k141_6154	bin.001
k141_1829	bin.001
k141_8169	bin.001
k141_4076	bin.001
k141_4078	bin.001
k141_6165	bin.001
k141_8173	bin.001
k141_1837	bin.001
k141_8177	bin.001
k141_6175	bin.001
k141_4088	bin.001
k141_1845	bin.001
k141_8178	bin.001
k141_4096	bin.001
k141_4098	bin.001
k141_6180	bin.001
k141_6182	bin.001
k141_1853	bin.001
k141_8190	bin.001
k141_4101	bin.001
k141_6183	bin.001
k141_6186	bin.001
k141_1857	bin.001
k141_6187	bin.001
k141_4103	bin.001
k141_8198	bin.001
k141_4104	bin.001
k141_8202	bin.001
k141_6188	bin.001
k141_6189	bin.001
k141_1860	bin.001
k141_4109	bin.001
k141_6192	bin.001
k141_8205	bin.001
k141_1861	bin.001
k141_4112	bin.001
k141_6195	bin.001
k141_8208	bin.001
k141_6198	bin.001
k141_1867	bin.001
k141_4115	bin.001
k141_6203	bin.001
k141_8213	bin.001
k141_1869	bin.001
k141_4118	bin.001
k141_6204	bin.001
k141_8215	bin.001
k141_6207	bin.001
k141_1875	bin.001
k141_8218	bin.001
k141_6211	bin.001
k141_1880	bin.001
k141_6213	bin.001
k141_8226	bin.001
k141_6218	bin.001
k141_4133	bin.001
k141_8229	bin.001
k141_4137	bin.001
k141_1881	bin.001
k141_4142	bin.001
k141_1887	bin.001
k141_8234	bin.001
k141_8236	bin.001
k141_4151	bin.001
k141_8237	bin.001
k141_1894	bin.001
k141_6244	bin.001
k141_4157	bin.001
k141_4159	bin.001
k141_8244	bin.001
k141_8247	bin.001
k141_1896	bin.001
k141_4165	bin.001
k141_1897	bin.001
k141_8251	bin.001
k141_1900	bin.001
k141_8253	bin.001
k141_8255	bin.001
k141_1904	bin.001
k141_8257	bin.001
k141_1910	bin.001
k141_8259	bin.001
k141_8260	bin.001
k141_8261	bin.001
k141_1917	bin.001
k141_1918	bin.001
k141_1920	bin.001
k141_1922	bin.001
k141_1924	bin.001
k141_1925	bin.001
k141_8278	bin.001
k141_1930	bin.001
k141_8285	bin.001
k141_1933	bin.001
k141_1936	bin.001
k141_8290	bin.001
k141_1937	bin.001
k141_1938	bin.001
k141_8291	bin.001
k141_1941	bin.001
k141_8293	bin.001
k141_1945	bin.001
k141_8294	bin.001
k141_1954	bin.001
k141_1955	bin.001
k141_1956	bin.001
k141_1962	bin.001
k141_1968	bin.001
k141_1971	bin.001
k141_1973	bin.001
k141_1986	bin.001
k141_2000	bin.001
k141_2007	bin.001
k141_2008	bin.001
k141_2016	bin.001
k141_2018	bin.001
k141_2022	bin.001
k141_2025	bin.001
k141_2032	bin.001
k141_2033	bin.001
k141_2043	bin.001
k141_2044	bin.001
k141_2048	bin.001
k141_2061	bin.001
k141_2062	bin.001
k141_2066	bin.001
k141_2067	bin.001
k141_2076	bin.001
k141_2080	bin.001
k141_2084	bin.002
k141_8	bin.002
k141_4167	bin.002
k141_11	bin.002
k141_2094	bin.002
k141_4176	bin.002
k141_19	bin.002
k141_6257	bin.002
k141_4179	bin.002
k141_22	bin.002
k141_6259	bin.002
k141_4187	bin.002
k141_6264	bin.002
k141_2101	bin.002
k141_6265	bin.002
k141_6267	bin.002
k141_4193	bin.002
k141_28	bin.002
k141_6268	bin.002
k141_4195	bin.002
k141_4198	bin.002
k141_6270	bin.002
k141_33	bin.002
k141_6276	bin.002
k141_2114	bin.002
k141_4204	bin.002
k141_6278	bin.002
k141_6280	bin.002
k141_4207	bin.002
k141_6281	bin.002
k141_4210	bin.002
k141_2122	bin.002
k141_6283	bin.002
k141_43	bin.002
k141_6288	bin.002
k141_49	bin.002
k141_51	bin.002
k141_2130	bin.002
k141_4228	bin.002
k141_4232	bin.002
k141_58	bin.002
k141_6308	bin.002
k141_62	bin.002
k141_4237	bin.002
k141_67	bin.002
k141_6313	bin.002
k141_4239	bin.002
k141_6322	bin.002
k141_2142	bin.002
k141_6323	bin.002
k141_71	bin.002
k141_72	bin.002
k141_4254	bin.002
k141_73	bin.002
k141_2148	bin.002
k141_4258	bin.002
k141_2149	bin.002
k141_4259	bin.002
k141_6330	bin.002
k141_4269	bin.002
k141_79	bin.002
k141_6333	bin.002
k141_2165	bin.002
k141_83	bin.002
k141_87	bin.002
k141_91	bin.002
k141_6348	bin.002
k141_2166	bin.002
k141_102	bin.002
k141_2176	bin.002
k141_4292	bin.002
k141_6351	bin.002
k141_2177	bin.002
k141_104	bin.002
k141_105	bin.002
k141_6354	bin.002
k141_107	bin.002
k141_6356	bin.002
k141_108	bin.002
k141_4301	bin.002
k141_112	bin.002
k141_2181	bin.002
k141_6365	bin.002
k141_119	bin.002
k141_2191	bin.002
k141_127	bin.002
k141_4315	bin.002
k141_129	bin.002
k141_2194	bin.002
k141_134	bin.002
k141_6373	bin.002
k141_138	bin.002
k141_2199	bin.002
k141_2205	bin.002
k141_2206	bin.002
k141_4321	bin.002
k141_2208	bin.002
k141_2210	bin.002
k141_145	bin.002
k141_4327	bin.002
k141_4329	bin.002
k141_6378	bin.002
k141_6379	bin.002
k141_2219	bin.002
k141_4332	bin.002
k141_6380	bin.002
k141_2222	bin.002
k141_156	bin.002
k141_4337	bin.002
k141_6394	bin.002
k141_6395	bin.002
k141_2225	bin.002
k141_4341	bin.002
k141_6401	bin.002
k141_2228	bin.002
k141_161	bin.002
k141_4348	bin.002
k141_6409	bin.002
k141_2233	bin.002
k141_164	bin.002
k141_6410	bin.002
k141_2241	bin.002
k141_4352	bin.002
k141_167	bin.002
k141_6413	bin.002
k141_6420	bin.002
k141_2249	bin.002
k141_177	bin.002
k141_6432	bin.002
k141_4363	bin.002
k141_179	bin.002
k141_182	bin.002
k141_4375	bin.002
k141_2260	bin.002
k141_4376	bin.002
k141_6439	bin.002
k141_6440	bin.002
k141_187	bin.002
k141_189	bin.002
k141_6443	bin.002
k141_2279	bin.002
k141_6448	bin.002
k141_192	bin.002
k141_6451	bin.002
k141_194	bin.002
k141_6453	bin.002
k141_4385	bin.002
k141_2291	bin.002
k141_6455	bin.002
k141_200	bin.002
k141_6459	bin.002
k141_203	bin.002
k141_4392	bin.002
k141_2297	bin.002
k141_6464	bin.002
k141_4399	bin.002
k141_2301	bin.002
k141_205	bin.002
k141_4403	bin.002
k141_206	bin.002
k141_2302	bin.002
k141_2305	bin.002
k141_6474	bin.002
k141_2307	bin.002
k141_2309	bin.002
k141_209	bin.002
k141_2312	bin.002
k141_212	bin.002
k141_6490	bin.002
k141_4419	bin.002
k141_2322	bin.002
k141_221	bin.002
k141_6496	bin.002
k141_2323	bin.002
k141_223	bin.002
k141_6497	bin.002
k141_2324	bin.002
k141_225	bin.002
k141_226	bin.002
k141_6506	bin.002
k141_2334	bin.002
k141_6507	bin.002
k141_6509	bin.002
k141_4441	bin.002
k141_234	bin.002
k141_4442	bin.002
k141_239	bin.002
k141_241	bin.002
k141_6516	bin.002
k141_2341	bin.002
k141_2344	bin.002
k141_4448	bin.002
k141_247	bin.002
k141_4450	bin.002
k141_2353	bin.002
k141_252	bin.002
k141_4452	bin.002
k141_2355	bin.002
k141_4455	bin.002
k141_256	bin.002
k141_2357	bin.002
k141_2358	bin.002
k141_258	bin.002
k141_4465	bin.002
k141_2359	bin.002
k141_4467	bin.002
k141_6535	bin.002
k141_271	bin.002
k141_2370	bin.002
k141_4472	bin.002
k141_4473	bin.002
k141_4474	bin.002
k141_275	bin.002
k141_4475	bin.002
k141_2381	bin.002
k141_276	bin.002
k141_278	bin.002
k141_279	bin.002
k141_4484	bin.002
k141_6546	bin.002
k141_2386	bin.002
k141_283	bin.002
k141_285	bin.002
k141_4489	bin.002
k141_6547	bin.002
k141_286	bin.002
k141_290	bin.002
k141_6552	bin.002
k141_296	bin.002
k141_4498	bin.002
k141_6559	bin.002
k141_4503	bin.002
k141_2401	bin.002
k141_4504	bin.002
k141_2408	bin.002
k141_6568	bin.002
k141_302	bin.002
k141_4506	bin.002
k141_307	bin.002
k141_2413	bin.002
k141_4512	bin.002
k141_309	bin.002
k141_311	bin.002
k141_6577	bin.002
k141_4514	bin.002
k141_6579	bin.002
k141_318	bin.002
k141_4516	bin.002
k141_4517	bin.002
k141_6582	bin.002
k141_321	bin.002
k141_4518	bin.002
k141_324	bin.002
k141_325	bin.002
k141_6586	bin.002
k141_326	bin.002
k141_2427	bin.002
k141_327	bin.002
k141_331	bin.002
k141_2430	bin.002
k141_334	bin.002
k141_4524	bin.002
k141_2431	bin.002
k141_336	bin.002
k141_2434	bin.002
k141_338	bin.002
k141_2435	bin.002
k141_4531	bin.002
k141_2438	bin.002
k141_342	bin.002
k141_4535	bin.002
k141_6606	bin.002
k141_344	bin.002
k141_346	bin.002
k141_348	bin.002
k141_6609	bin.002
k141_2444	bin.002
k141_350	bin.002
k141_2446	bin.002
k141_6615	bin.002
k141_4544	bin.002
k141_4546	bin.002
k141_4547	bin.002
k141_366	bin.002
k141_6628	bin.002
k141_370	bin.002
k141_6636	bin.002
k141_4553	bin.002
k141_2457	bin.002
k141_378	bin.002
k141_4555	bin.002
k141_6640	bin.002
k141_381	bin.002
k141_2459	bin.002
k141_6642	bin.002
k141_2461	bin.002
k141_4557	bin.002
k141_4558	bin.002
k141_6645	bin.002
k141_4561	bin.002
k141_2466	bin.002
k141_4562	bin.002
k141_6647	bin.002
k141_6650	bin.002
k141_4569	bin.002
k141_397	bin.002
k141_2491	bin.002
k141_2498	bin.002
k141_2499	bin.002
k141_6669	bin.002
k141_406	bin.002
k141_6671	bin.002
k141_2505	bin.002
k141_415	bin.002
k141_2506	bin.002
k141_419	bin.002
k141_2510	bin.002
k141_2511	bin.002
k141_425	bin.002
k141_4591	bin.002
k141_4594	bin.002
k141_2519	bin.002
k141_2520	bin.002
k141_4599	bin.002
k141_436	bin.002
k141_4605	bin.002
k141_2525	bin.002
k141_437	bin.002
k141_4609	bin.002
k141_6681	bin.002
k141_439	bin.002
k141_2528	bin.002
k141_441	bin.002
k141_6683	bin.002
k141_443	bin.002
k141_6685	bin.002
k141_446	bin.002
k141_2532	bin.002
k141_447	bin.002
k141_6688	bin.002
k141_451	bin.002
k141_2538	bin.002
k141_4621	bin.002
k141_455	bin.002
k141_457	bin.002
k141_4627	bin.002
k141_2548	bin.002
k141_4629	bin.002
k141_6701	bin.002
k141_470	bin.002
k141_4637	bin.002
k141_6707	bin.002
k141_4640	bin.002
k141_2556	bin.002
k141_6715	bin.002
k141_4643	bin.002
k141_6718	bin.002
k141_475	bin.002
k141_4644	bin.002
k141_476	bin.002
k141_2567	bin.002
k141_6720	bin.002
k141_4650	bin.002
k141_2575	bin.002
k141_486	bin.002
k141_487	bin.002
k141_488	bin.002
k141_2585	bin.002
k141_489	bin.002
k141_2593	bin.002
k141_4658	bin.002
k141_498	bin.002
k141_6731	bin.002
k141_499	bin.002
k141_2596	bin.002
k141_503	bin.002
k141_4661	bin.002
k141_6737	bin.002
k141_2603	bin.002
k141_4662	bin.002
k141_2605	bin.002
k141_507	bin.002
k141_4664	bin.002
k141_6742	bin.002
k141_2612	bin.002
k141_6743	bin.002
k141_513	bin.002
k141_6745	bin.002
k141_515	bin.002
k141_6746	bin.002
k141_6747	bin.002
k141_4683	bin.002
k141_517	bin.002
k141_6752	bin.002
k141_523	bin.002
k141_4692	bin.002
k141_4696	bin.002
k141_6762	bin.002
k141_4703	bin.002
k141_6763	bin.002
k141_2646	bin.002
k141_4704	bin.002
k141_6765	bin.002
k141_2648	bin.002
k141_2649	bin.002
k141_4712	bin.002
k141_541	bin.002
k141_6768	bin.002
k141_6770	bin.002
k141_547	bin.002
k141_6773	bin.002
k141_2657	bin.002
k141_6774	bin.002
k141_2660	bin.002
k141_4718	bin.002
k141_6776	bin.002
k141_4724	bin.002
k141_2665	bin.002
k141_2668	bin.002
k141_6786	bin.002
k141_551	bin.002
k141_4726	bin.002
k141_2673	bin.002
k141_4728	bin.002
k141_559	bin.002
k141_2677	bin.002
k141_4737	bin.002
k141_4739	bin.002
k141_6793	bin.002
k141_4744	bin.002
k141_6798	bin.002
k141_2686	bin.002
k141_6800	bin.002
k141_6801	bin.002
k141_575	bin.002
k141_6802	bin.002
k141_2687	bin.002
k141_577	bin.002
k141_578	bin.002
k141_4761	bin.002
k141_581	bin.002
k141_2693	bin.002
k141_583	bin.002
k141_6812	bin.002
k141_585	bin.002
k141_4765	bin.002
k141_6818	bin.002
k141_6821	bin.002
k141_590	bin.002
k141_4769	bin.002
k141_591	bin.002
k141_6823	bin.002
k141_592	bin.002
k141_593	bin.002
k141_594	bin.002
k141_2705	bin.002
k141_6826	bin.002
k141_595	bin.002
k141_6827	bin.002
k141_2710	bin.002
k141_6831	bin.002
k141_604	bin.002
k141_605	bin.002
k141_2711	bin.002
k141_613	bin.002
k141_2713	bin.002
k141_4797	bin.002
k141_4799	bin.002
k141_2717	bin.002
k141_6839	bin.002
k141_2720	bin.002
k141_626	bin.002
k141_6841	bin.002
k141_6842	bin.002
k141_629	bin.002
k141_6847	bin.002
k141_2726	bin.002
k141_6848	bin.002
k141_630	bin.002
k141_6849	bin.002
k141_6850	bin.002
k141_2728	bin.002
k141_2737	bin.002
k141_4816	bin.002
k141_2738	bin.002
k141_2740	bin.002
k141_2742	bin.002
k141_4820	bin.002
k141_4823	bin.002
k141_4826	bin.002
k141_6863	bin.002
k141_639	bin.002
k141_2748	bin.002
k141_640	bin.002
k141_641	bin.002
k141_4832	bin.002
k141_4839	bin.002
k141_2757	bin.002
k141_649	bin.002
k141_2758	bin.002
k141_6873	bin.002
k141_6875	bin.002
k141_653	bin.002
k141_2765	bin.002
k141_4845	bin.002
k141_655	bin.002
k141_656	bin.002
k141_2767	bin.002
k141_2768	bin.002
k141_4854	bin.002
k141_2773	bin.002
k141_2774	bin.002
k141_2775	bin.002
k141_666	bin.002
k141_2776	bin.002
k141_2778	bin.002
k141_671	bin.002
k141_677	bin.002
k141_4866	bin.002
k141_2785	bin.002
k141_6908	bin.002
k141_4869	bin.002
k141_6916	bin.002
k141_2790	bin.002
k141_6917	bin.002
k141_4872	bin.002
k141_688	bin.002
k141_6920	bin.002
k141_691	bin.002
k141_692	bin.002
k141_694	bin.002
k141_4883	bin.002
k141_2797	bin.002
k141_6929	bin.002
k141_701	bin.002
k141_2804	bin.002
k141_2805	bin.002
k141_703	bin.002
k141_4893	bin.002
k141_6932	bin.002
k141_2810	bin.002
k141_712	bin.002
k141_2814	bin.002
k141_714	bin.002
k141_2816	bin.002
k141_715	bin.002
k141_4900	bin.002
k141_6936	bin.002
k141_4901	bin.002
k141_721	bin.002
k141_4908	bin.002
k141_6940	bin.002
k141_722	bin.002
k141_4910	bin.002
k141_2833	bin.002
k141_4915	bin.002
k141_6947	bin.002
k141_2836	bin.002
k141_6950	bin.002
k141_2837	bin.002
k141_731	bin.002
k141_4929	bin.002
k141_2842	bin.002
k141_732	bin.002
k141_4933	bin.002
k141_734	bin.002
k141_2849	bin.002
k141_2851	bin.002
k141_6968	bin.002
k141_4943	bin.002
k141_746	bin.002
k141_4945	bin.002
k141_4946	bin.002
k141_2859	bin.002
k141_6971	bin.002
k141_4948	bin.002
k141_2862	bin.002
k141_4949	bin.002
k141_754	bin.002
k141_4953	bin.002
k141_6976	bin.002
k141_4955	bin.002
k141_6977	bin.002
k141_2868	bin.002
k141_6983	bin.002
k141_763	bin.002
k141_764	bin.002
k141_2876	bin.002
k141_6985	bin.002
k141_766	bin.002
k141_2877	bin.002
k141_4959	bin.002
k141_770	bin.002
k141_4964	bin.002
k141_772	bin.002
k141_4967	bin.002
k141_2890	bin.002
k141_777	bin.002
k141_7001	bin.002
k141_4969	bin.002
k141_779	bin.002
k141_4971	bin.002
k141_784	bin.002
k141_7004	bin.002
k141_4972	bin.002
k141_7007	bin.002
k141_2894	bin.002
k141_787	bin.002
k141_788	bin.002
k141_4982	bin.002
k141_791	bin.002
k141_7018	bin.002
k141_792	bin.002
k141_794	bin.002
k141_2900	bin.002
k141_7021	bin.002
k141_798	bin.002
k141_4992	bin.002
k141_2902	bin.002
k141_7024	bin.002
k141_7026	bin.002
k141_807	bin.002
k141_5006	bin.002
k141_7029	bin.002
k141_809	bin.002
k141_7031	bin.002
k141_5009	bin.002
k141_7032	bin.002
k141_5010	bin.002
k141_813	bin.002
k141_7033	bin.002
k141_814	bin.002
k141_2910	bin.002
k141_7039	bin.002
k141_817	bin.002
k141_5016	bin.002
k141_819	bin.002
k141_5022	bin.002
k141_7050	bin.002
k141_822	bin.002
k141_5028	bin.002
k141_7053	bin.002
k141_830	bin.002
k141_831	bin.002
k141_2921	bin.002
k141_7056	bin.002
k141_5035	bin.002
k141_833	bin.002
k141_5037	bin.002
k141_7058	bin.002
k141_5038	bin.002
k141_7059	bin.002
k141_5039	bin.002
k141_5040	bin.002
k141_2927	bin.002
k141_5042	bin.002
k141_836	bin.002
k141_5044	bin.002
k141_7066	bin.002
k141_844	bin.002
k141_7067	bin.002
k141_2937	bin.002
k141_7072	bin.002
k141_846	bin.002
k141_5050	bin.002
k141_7075	bin.002
k141_5051	bin.002
k141_851	bin.002
k141_852	bin.002
k141_855	bin.002
k141_5054	bin.002
k141_858	bin.002
k141_7082	bin.002
k141_5055	bin.002
k141_5057	bin.002
k141_5058	bin.002
k141_2951	bin.002
k141_861	bin.002
k141_7083	bin.002
k141_7084	bin.002
k141_863	bin.002
k141_864	bin.002
k141_2959	bin.002
k141_870	bin.002
k141_5068	bin.002
k141_7095	bin.002
k141_5069	bin.002
k141_7097	bin.002
k141_2967	bin.002
k141_7098	bin.002
k141_7099	bin.002
k141_5076	bin.002
k141_877	bin.002
k141_7104	bin.002
k141_879	bin.002
k141_7109	bin.002
k141_2978	bin.002
k141_5084	bin.002
k141_882	bin.002
k141_2981	bin.002
k141_883	bin.002
k141_7117	bin.002
k141_5092	bin.002
k141_2985	bin.002
k141_7125	bin.002
k141_891	bin.002
k141_7126	bin.002
k141_2988	bin.002
k141_893	bin.002
k141_7127	bin.002
k141_894	bin.002
k141_899	bin.002
k141_2996	bin.002
k141_7138	bin.002
k141_5107	bin.002
k141_7139	bin.002
k141_3004	bin.002
k141_5113	bin.002
k141_907	bin.002
k141_3007	bin.002
k141_5115	bin.002
k141_911	bin.002
k141_3008	bin.002
k141_5116	bin.002
k141_913	bin.002
k141_5118	bin.002
k141_7147	bin.002
k141_3015	bin.002
k141_919	bin.002
k141_5121	bin.002
k141_5123	bin.002
k141_5125	bin.002
k141_7158	bin.002
k141_3025	bin.002
k141_926	bin.002
k141_928	bin.002
k141_3028	bin.002
k141_7161	bin.002
k141_932	bin.002
k141_3033	bin.002
k141_7163	bin.002
k141_936	bin.002
k141_5134	bin.002
k141_7169	bin.002
k141_939	bin.002
k141_7171	bin.002
k141_5141	bin.002
k141_7172	bin.002
k141_943	bin.002
k141_7175	bin.002
k141_3046	bin.002
k141_3047	bin.002
k141_7177	bin.002
k141_946	bin.002
k141_5154	bin.002
k141_947	bin.002
k141_3055	bin.002
k141_3058	bin.002
k141_5157	bin.002
k141_948	bin.002
k141_5161	bin.002
k141_3060	bin.002
k141_7180	bin.002
k141_949	bin.002
k141_950	bin.002
k141_3070	bin.002
k141_960	bin.002
k141_5173	bin.002
k141_7184	bin.002
k141_964	bin.002
k141_7185	bin.002
k141_5180	bin.002
k141_965	bin.002
k141_5181	bin.002
k141_7188	bin.002
k141_968	bin.002
k141_3072	bin.002
k141_7196	bin.002
k141_973	bin.002
k141_3076	bin.002
k141_974	bin.002
k141_3078	bin.002
k141_7200	bin.002
k141_3080	bin.002
k141_982	bin.002
k141_5203	bin.002
k141_3084	bin.002
k141_7207	bin.002
k141_3087	bin.002
k141_990	bin.002
k141_7210	bin.002
k141_992	bin.002
k141_3100	bin.002
k141_996	bin.002
k141_5218	bin.002
k141_5219	bin.002
k141_3102	bin.002
k141_7214	bin.002
k141_5224	bin.002
k141_5227	bin.002
k141_7221	bin.002
k141_1012	bin.002
k141_7223	bin.002
k141_5229	bin.002
k141_5230	bin.002
k141_1019	bin.002
k141_7226	bin.002
k141_1022	bin.002
k141_3116	bin.002
k141_7232	bin.002
k141_1024	bin.002
k141_1026	bin.002
k141_1027	bin.002
k141_5238	bin.002
k141_3122	bin.002
k141_1029	bin.002
k141_5243	bin.002
k141_7253	bin.002
k141_7254	bin.002
k141_3133	bin.002
k141_5255	bin.002
k141_5256	bin.002
k141_5259	bin.002
k141_3137	bin.002
k141_7258	bin.002
k141_1040	bin.002
k141_3139	bin.002
k141_1042	bin.002
k141_1043	bin.002
k141_7259	bin.002
k141_5263	bin.002
k141_3148	bin.002
k141_7260	bin.002
k141_3151	bin.002
k141_5267	bin.002
k141_3152	bin.002
k141_1053	bin.002
k141_3154	bin.002
k141_1054	bin.002
k141_3157	bin.002
k141_7276	bin.002
k141_7280	bin.002
k141_5282	bin.002
k141_3161	bin.002
k141_5284	bin.002
k141_5289	bin.002
k141_1065	bin.002
k141_7283	bin.002
k141_1066	bin.002
k141_5294	bin.002
k141_7291	bin.002
k141_1071	bin.002
k141_5296	bin.002
k141_3166	bin.002
k141_7297	bin.002
k141_1076	bin.002
k141_7300	bin.002
k141_1079	bin.002
k141_7301	bin.002
k141_5309	bin.002
k141_1084	bin.002
k141_5311	bin.002
k141_1086	bin.002
k141_7303	bin.002
k141_7304	bin.002
k141_3183	bin.002
k141_1089	bin.002
k141_5317	bin.002
k141_3186	bin.002
k141_7307	bin.002
k141_3187	bin.002
k141_5319	bin.002
k141_1093	bin.002
k141_5320	bin.002
k141_3188	bin.002
k141_1095	bin.002
k141_3189	bin.002
k141_1098	bin.002
k141_7321	bin.002
k141_5329	bin.002
k141_1105	bin.002
k141_7327	bin.002
k141_3206	bin.002
k141_1107	bin.002
k141_7328	bin.002
k141_1108	bin.002
k141_7333	bin.002
k141_5335	bin.002
k141_1110	bin.002
k141_5336	bin.002
k141_1111	bin.002
k141_7337	bin.002
k141_3213	bin.002
k141_7340	bin.002
k141_1117	bin.002
k141_1118	bin.002
k141_5345	bin.002
k141_5346	bin.002
k141_3215	bin.002
k141_7347	bin.002
k141_1124	bin.002
k141_7348	bin.002
k141_3217	bin.002
k141_7349	bin.002
k141_3218	bin.002
k141_5354	bin.002
k141_5355	bin.002
k141_3227	bin.002
k141_7353	bin.002
k141_5359	bin.002
k141_3233	bin.002
k141_1138	bin.002
k141_1139	bin.002
k141_5365	bin.002
k141_3238	bin.002
k141_7358	bin.002
k141_5373	bin.002
k141_1144	bin.002
k141_7360	bin.002
k141_5376	bin.002
k141_5378	bin.002
k141_7362	bin.002
k141_3246	bin.002
k141_7363	bin.002
k141_3248	bin.002
k141_7364	bin.002
k141_7365	bin.002
k141_5383	bin.002
k141_5386	bin.002
k141_3258	bin.002
k141_1153	bin.002
k141_1157	bin.002
k141_3260	bin.002
k141_7380	bin.002
k141_1161	bin.002
k141_7381	bin.002
k141_1163	bin.002
k141_3269	bin.002
k141_1166	bin.002
k141_1168	bin.002
k141_7385	bin.002
k141_3273	bin.002
k141_7386	bin.002
k141_3277	bin.002
k141_5408	bin.002
k141_5409	bin.002
k141_1172	bin.002
k141_3283	bin.002
k141_7393	bin.002
k141_5410	bin.002
k141_1176	bin.002
k141_3285	bin.002
k141_5412	bin.002
k141_1178	bin.002
k141_1179	bin.002
k141_5415	bin.002
k141_1183	bin.002
k141_1184	bin.002
k141_3291	bin.002
k141_1186	bin.002
k141_7402	bin.002
k141_5421	bin.002
k141_7407	bin.002
k141_1193	bin.002
k141_7408	bin.002
k141_7410	bin.002
k141_1202	bin.002
k141_1203	bin.002
k141_7416	bin.002
k141_5430	bin.002
k141_3304	bin.002
k141_5434	bin.002
k141_3309	bin.002
k141_3310	bin.002
k141_1210	bin.002
k141_1211	bin.002
k141_7433	bin.002
k141_1216	bin.002
k141_3317	bin.002
k141_7437	bin.002
k141_5447	bin.002
k141_7438	bin.002
k141_3321	bin.002
k141_7441	bin.002
k141_5448	bin.002
k141_7445	bin.002
k141_1219	bin.002
k141_5450	bin.002
k141_1221	bin.002
k141_5455	bin.002
k141_7448	bin.002
k141_5458	bin.002
k141_1228	bin.002
k141_3327	bin.002
k141_5460	bin.002
k141_3330	bin.002
k141_5467	bin.002
k141_7453	bin.002
k141_5475	bin.002
k141_5476	bin.002
k141_3337	bin.002
k141_5478	bin.002
k141_1232	bin.002
k141_5479	bin.002
k141_7460	bin.002
k141_1233	bin.002
k141_3340	bin.002
k141_5481	bin.002
k141_3343	bin.002
k141_3344	bin.002
k141_3345	bin.002
k141_1241	bin.002
k141_7466	bin.002
k141_7467	bin.002
k141_1244	bin.002
k141_1245	bin.002
k141_5493	bin.002
k141_1248	bin.002
k141_5495	bin.002
k141_5498	bin.002
k141_1252	bin.002
k141_7470	bin.002
k141_7473	bin.002
k141_7474	bin.002
k141_3353	bin.002
k141_1259	bin.002
k141_3354	bin.002
k141_1263	bin.002
k141_1266	bin.002
k141_7482	bin.002
k141_3360	bin.002
k141_1269	bin.002
k141_1270	bin.002
k141_3363	bin.002
k141_7485	bin.002
k141_5509	bin.002
k141_1272	bin.002
k141_7489	bin.002
k141_7490	bin.002
k141_1273	bin.002
k141_3370	bin.002
k141_3371	bin.002
k141_5515	bin.002
k141_1278	bin.002
k141_5521	bin.002
k141_3375	bin.002
k141_7496	bin.002
k141_3376	bin.002
k141_7497	bin.002
k141_3377	bin.002
k141_7501	bin.002
k141_1287	bin.002
k141_5526	bin.002
k141_1291	bin.002
k141_7502	bin.002
k141_3384	bin.002
k141_5530	bin.002
k141_3385	bin.002
k141_1297	bin.002
k141_1298	bin.002
k141_5532	bin.002
k141_3391	bin.002
k141_1301	bin.002
k141_5536	bin.002
k141_7512	bin.002
k141_3393	bin.002
k141_1307	bin.002
k141_7515	bin.002
k141_5540	bin.002
k141_3400	bin.002
k141_7516	bin.002
k141_3402	bin.002
k141_3405	bin.002
k141_7519	bin.002
k141_5552	bin.002
k141_7521	bin.002
k141_1311	bin.002
k141_5559	bin.002
k141_1314	bin.002
k141_5561	bin.002
k141_3409	bin.002
k141_3411	bin.002
k141_3412	bin.002
k141_5567	bin.002
k141_3413	bin.002
k141_3416	bin.002
k141_3417	bin.002
k141_5581	bin.002
k141_1322	bin.002
k141_3422	bin.002
k141_1324	bin.002
k141_7546	bin.002
k141_3423	bin.002
k141_7547	bin.002
k141_5585	bin.002
k141_3428	bin.002
k141_3429	bin.002
k141_1329	bin.002
k141_7555	bin.002
k141_7556	bin.002
k141_1333	bin.002
k141_5595	bin.002
k141_7561	bin.002
k141_7562	bin.002
k141_5603	bin.002
k141_3447	bin.002
k141_7567	bin.002
k141_7568	bin.002
k141_3452	bin.002
k141_7574	bin.002
k141_3456	bin.002
k141_1344	bin.002
k141_3460	bin.002
k141_5607	bin.002
k141_7577	bin.002
k141_7578	bin.002
k141_3468	bin.002
k141_1347	bin.002
k141_5616	bin.002
k141_1352	bin.002
k141_1353	bin.002
k141_1357	bin.002
k141_7587	bin.002
k141_3478	bin.002
k141_5628	bin.002
k141_3479	bin.002
k141_7594	bin.002
k141_5630	bin.002
k141_3483	bin.002
k141_1362	bin.002
k141_5633	bin.002
k141_7597	bin.002
k141_7600	bin.002
k141_3487	bin.002
k141_7601	bin.002
k141_3493	bin.002
k141_7605	bin.002
k141_7607	bin.002
k141_3502	bin.002
k141_1381	bin.002
k141_5642	bin.002
k141_3506	bin.002
k141_1384	bin.002
k141_3512	bin.002
k141_5649	bin.002
k141_5653	bin.002
k141_7624	bin.002
k141_5657	bin.002
k141_7625	bin.002
k141_3529	bin.002
k141_3530	bin.002
k141_1396	bin.002
k141_7627	bin.002
k141_1397	bin.002
k141_1399	bin.002
k141_7629	bin.002
k141_5677	bin.002
k141_1406	bin.002
k141_1407	bin.002
k141_3542	bin.002
k141_3547	bin.002
k141_5680	bin.002
k141_1409	bin.002
k141_7643	bin.002
k141_3551	bin.002
k141_3552	bin.002
k141_7647	bin.002
k141_3553	bin.002
k141_1416	bin.002
k141_7649	bin.002
k141_1417	bin.002
k141_3557	bin.002
k141_7653	bin.002
k141_3558	bin.002
k141_7654	bin.002
k141_3559	bin.002
k141_1422	bin.002
k141_3560	bin.002
k141_1428	bin.002
k141_5691	bin.002
k141_3561	bin.002
k141_3565	bin.002
k141_1430	bin.002
k141_3569	bin.002
k141_3570	bin.002
k141_5696	bin.002
k141_3573	bin.002
k141_1434	bin.002
k141_7672	bin.002
k141_3576	bin.002
k141_7675	bin.002
k141_1440	bin.002
k141_7677	bin.002
k141_5704	bin.002
k141_7678	bin.002
k141_1441	bin.002
k141_5705	bin.002
k141_7682	bin.002
k141_1442	bin.002
k141_3590	bin.002
k141_3591	bin.002
k141_3592	bin.002
k141_7690	bin.002
k141_5715	bin.002
k141_3593	bin.002
k141_7692	bin.002
k141_1446	bin.002
k141_3594	bin.002
k141_1448	bin.002
k141_7696	bin.002
k141_1450	bin.002
k141_7697	bin.002
k141_5728	bin.002
k141_3600	bin.002
k141_3602	bin.002
k141_5731	bin.002
k141_1455	bin.002
k141_5734	bin.002
k141_5742	bin.002
k141_7711	bin.002
k141_5744	bin.002
k141_3607	bin.002
k141_5745	bin.002
k141_3609	bin.002
k141_7716	bin.002
k141_1469	bin.002
k141_7721	bin.002
k141_7724	bin.002
k141_3614	bin.002
k141_1474	bin.002
k141_5753	bin.002
k141_5755	bin.002
k141_5758	bin.002
k141_5760	bin.002
k141_7728	bin.002
k141_3634	bin.002
k141_7736	bin.002
k141_3637	bin.002
k141_7737	bin.002
k141_1489	bin.002
k141_5772	bin.002
k141_7742	bin.002
k141_5775	bin.002
k141_5776	bin.002
k141_3645	bin.002
k141_7747	bin.002
k141_5778	bin.002
k141_1494	bin.002
k141_7748	bin.002
k141_3650	bin.002
k141_7752	bin.002
k141_3651	bin.002
k141_7754	bin.002
k141_5784	bin.002
k141_7757	bin.002
k141_1502	bin.002
k141_7759	bin.002
k141_1505	bin.002
k141_3664	bin.002
k141_5796	bin.002
k141_3671	bin.002
k141_5798	bin.002
k141_1506	bin.002
k141_5799	bin.002
k141_3675	bin.002
k141_7775	bin.002
k141_7777	bin.002
k141_7786	bin.002
k141_5804	bin.002
k141_7794	bin.002
k141_1510	bin.002
k141_5812	bin.002
k141_1511	bin.002
k141_3691	bin.002
k141_3692	bin.002
k141_5815	bin.002
k141_7805	bin.002
k141_1515	bin.002
k141_5818	bin.002
k141_1517	bin.002
k141_3694	bin.002
k141_1518	bin.002
k141_3695	bin.002
k141_1520	bin.002
k141_5830	bin.002
k141_1532	bin.002
k141_7810	bin.002
k141_1533	bin.002
k141_5834	bin.002
k141_7814	bin.002
k141_3700	bin.002
k141_7815	bin.002
k141_7817	bin.002
k141_1541	bin.002
k141_1542	bin.002
k141_7818	bin.002
k141_5838	bin.002
k141_1543	bin.002
k141_5840	bin.002
k141_3708	bin.002
k141_7821	bin.002
k141_1544	bin.002
k141_3712	bin.002
k141_1552	bin.002
k141_1554	bin.002
k141_5850	bin.002
k141_3717	bin.002
k141_7838	bin.002
k141_5853	bin.002
k141_7840	bin.002
k141_5854	bin.002
k141_7841	bin.002
k141_1559	bin.002
k141_5862	bin.002
k141_7848	bin.002
k141_3733	bin.002
k141_3734	bin.002
k141_5864	bin.002
k141_7850	bin.002
k141_1562	bin.002
k141_5866	bin.002
k141_3739	bin.002
k141_3746	bin.002
k141_3748	bin.002
k141_1566	bin.002
k141_5870	bin.002
k141_3752	bin.002
k141_1570	bin.002
k141_3753	bin.002
k141_3758	bin.002
k141_1576	bin.002
k141_5883	bin.002
k141_7876	bin.002
k141_3760	bin.002
k141_1578	bin.002
k141_3761	bin.002
k141_7883	bin.002
k141_3763	bin.002
k141_1582	bin.002
k141_3766	bin.002
k141_5892	bin.002
k141_5899	bin.002
k141_1585	bin.002
k141_3773	bin.002
k141_7895	bin.002
k141_5902	bin.002
k141_1588	bin.002
k141_5905	bin.002
k141_3780	bin.002
k141_7905	bin.002
k141_7907	bin.002
k141_3787	bin.002
k141_7912	bin.002
k141_7914	bin.002
k141_7916	bin.002
k141_1595	bin.002
k141_3796	bin.002
k141_7918	bin.002
k141_3797	bin.002
k141_3801	bin.002
k141_7921	bin.002
k141_3803	bin.002
k141_5918	bin.002
k141_7924	bin.002
k141_5919	bin.002
k141_3804	bin.002
k141_1607	bin.002
k141_1609	bin.002
k141_3806	bin.002
k141_3808	bin.002
k141_1610	bin.002
k141_3812	bin.002
k141_1617	bin.002
k141_3816	bin.002
k141_5929	bin.002
k141_5930	bin.002
k141_3818	bin.002
k141_7935	bin.002
k141_1619	bin.002
k141_7937	bin.002
k141_1624	bin.002
k141_5935	bin.002
k141_5936	bin.002
k141_1625	bin.002
k141_7942	bin.002
k141_3827	bin.002
k141_5939	bin.002
k141_1626	bin.002
k141_5940	bin.002
k141_5943	bin.002
k141_7954	bin.002
k141_3834	bin.002
k141_1633	bin.002
k141_7959	bin.002
k141_5949	bin.002
k141_3843	bin.002
k141_3844	bin.002
k141_7964	bin.002
k141_3847	bin.002
k141_7970	bin.002
k141_1637	bin.002
k141_5951	bin.002
k141_1641	bin.002
k141_5954	bin.002
k141_1644	bin.002
k141_3854	bin.002
k141_5955	bin.002
k141_7978	bin.002
k141_1645	bin.002
k141_3861	bin.002
k141_7983	bin.002
k141_3862	bin.002
k141_1651	bin.002
k141_1653	bin.002
k141_3865	bin.002
k141_5968	bin.002
k141_3866	bin.002
k141_3868	bin.002
k141_1665	bin.002
k141_7987	bin.002
k141_5976	bin.002
k141_7988	bin.002
k141_7991	bin.002
k141_3877	bin.002
k141_1666	bin.002
k141_5979	bin.002
k141_7998	bin.002
k141_3879	bin.002
k141_7999	bin.002
k141_3883	bin.002
k141_3884	bin.002
k141_8001	bin.002
k141_1682	bin.002
k141_3892	bin.002
k141_5990	bin.002
k141_3896	bin.002
k141_5993	bin.002
k141_8009	bin.002
k141_5994	bin.002
k141_8010	bin.002
k141_5996	bin.002
k141_1697	bin.002
k141_5997	bin.002
k141_8018	bin.002
k141_3906	bin.002
k141_3910	bin.002
k141_6001	bin.002
k141_8023	bin.002
k141_3912	bin.002
k141_6012	bin.002
k141_8030	bin.002
k141_3915	bin.002
k141_1711	bin.002
k141_6023	bin.002
k141_3919	bin.002
k141_8035	bin.002
k141_1716	bin.002
k141_3928	bin.002
k141_1717	bin.002
k141_6030	bin.002
k141_1722	bin.002
k141_3933	bin.002
k141_8049	bin.002
k141_6035	bin.002
k141_3937	bin.002
k141_1728	bin.002
k141_8051	bin.002
k141_3939	bin.002
k141_3942	bin.002
k141_3945	bin.002
k141_8055	bin.002
k141_3951	bin.002
k141_8061	bin.002
k141_1732	bin.002
k141_6052	bin.002
k141_6053	bin.002
k141_1737	bin.002
k141_3959	bin.002
k141_8069	bin.002
k141_3960	bin.002
k141_1743	bin.002
k141_6061	bin.002
k141_8075	bin.002
k141_8077	bin.002
k141_3967	bin.002
k141_6066	bin.002
k141_3968	bin.002
k141_1745	bin.002
k141_8078	bin.002
k141_8081	bin.002
k141_3970	bin.002
k141_8084	bin.002
k141_6072	bin.002
k141_8085	bin.002
k141_1750	bin.002
k141_3982	bin.002
k141_6073	bin.002
k141_6074	bin.002
k141_8089	bin.002
k141_1751	bin.002
k141_6076	bin.002
k141_8090	bin.002
k141_3985	bin.002
k141_8091	bin.002
k141_8094	bin.002
k141_8098	bin.002
k141_1755	bin.002
k141_1758	bin.002
k141_1760	bin.002
k141_3997	bin.002
k141_6080	bin.002
k141_8104	bin.002
k141_3998	bin.002
k141_4000	bin.002
k141_1772	bin.002
k141_6088	bin.002
k141_8114	bin.002
k141_4011	bin.002
k141_6095	bin.002
k141_4014	bin.002
k141_6096	bin.002
k141_1781	bin.002
k141_4018	bin.002
k141_8123	bin.002
k141_4019	bin.002
k141_1784	bin.002
k141_4021	bin.002
k141_6098	bin.002
k141_8126	bin.002
k141_1786	bin.002
k141_4028	bin.002
k141_1787	bin.002
k141_6102	bin.002
k141_8130	bin.002
k141_6104	bin.002
k141_8135	bin.002
k141_8136	bin.002
k141_1795	bin.002
k141_4040	bin.002
k141_8138	bin.002
k141_6118	bin.002
k141_8139	bin.002
k141_6122	bin.002
k141_1808	bin.002
k141_4053	bin.002
k141_8147	bin.002
k141_1809	bin.002
k141_6134	bin.002
k141_1810	bin.002
k141_6135	bin.002
k141_1811	bin.002
k141_6137	bin.002
k141_8150	bin.002
k141_4060	bin.002
k141_4063	bin.002
k141_8157	bin.002
k141_6150	bin.002
k141_6152	bin.002
k141_8168	bin.002
k141_1833	bin.002
k141_6163	bin.002
k141_1834	bin.002
k141_8170	bin.002
k141_1835	bin.002
k141_8171	bin.002
k141_6166	bin.002
k141_1836	bin.002
k141_4084	bin.002
k141_6172	bin.002
k141_6174	bin.002
k141_1840	bin.002
k141_1847	bin.002
k141_6176	bin.002
k141_8181	bin.002
k141_1848	bin.002
k141_8184	bin.002
k141_1851	bin.002
k141_4099	bin.002
k141_8196	bin.002
k141_1856	bin.002
k141_4102	bin.002
k141_4106	bin.002
k141_8204	bin.002
k141_4110	bin.002
k141_1862	bin.002
k141_4113	bin.002
k141_8210	bin.002
k141_4123	bin.002
k141_6206	bin.002
k141_4125	bin.002
k141_4128	bin.002
k141_1876	bin.002
k141_4129	bin.002
k141_8224	bin.002
k141_8228	bin.002
k141_4136	bin.002
k141_6220	bin.002
k141_4139	bin.002
k141_6226	bin.002
k141_8232	bin.002
k141_6227	bin.002
k141_4143	bin.002
k141_1890	bin.002
k141_6229	bin.002
k141_6230	bin.002
k141_6233	bin.002
k141_4153	bin.002
k141_6239	bin.002
k141_4155	bin.002
k141_1893	bin.002
k141_6240	bin.002
k141_8240	bin.002
k141_6241	bin.002
k141_6243	bin.002
k141_8242	bin.002
k141_6246	bin.002
k141_6248	bin.002
k141_8245	bin.002
k141_4162	bin.002
k141_1898	bin.002
k141_1901	bin.002
k141_1903	bin.002
k141_1907	bin.002
k141_8258	bin.002
k141_1911	bin.002
k141_1916	bin.002
k141_8264	bin.002
k141_8265	bin.002
k141_8272	bin.002
k141_8276	bin.002
k141_1926	bin.002
k141_1927	bin.002
k141_8279	bin.002
k141_8281	bin.002
k141_8282	bin.002
k141_1931	bin.002
k141_8287	bin.002
k141_1934	bin.002
k141_1940	bin.002
k141_8292	bin.002
k141_8296	bin.002
k141_1950	bin.002
k141_1957	bin.002
k141_1959	bin.002
k141_1974	bin.002
k141_1975	bin.002
k141_1976	bin.002
k141_1990	bin.002
k141_1992	bin.002
k141_1997	bin.002
k141_2004	bin.002
k141_2005	bin.002
k141_2009	bin.002
k141_2027	bin.002
k141_2030	bin.002
k141_2034	bin.002
k141_2036	bin.002
k141_2037	bin.002
k141_2038	bin.002
k141_2040	bin.002
k141_2045	bin.002
k141_2047	bin.002
k141_2050	bin.002
k141_2054	bin.002
k141_2064	bin.002
k141_2071	bin.002
k141_2072	bin.002
k141_2073	bin.002
k141_2074	bin.002
k141_2081	bin.002
