k141_2084	bin.1
k141_4167	bin.1
k141_6250	bin.1
k141_2094	bin.1
k141_4179	bin.1
k141_2099	bin.1
k141_20	bin.1
k141_6259	bin.1
k141_26	bin.1
k141_2101	bin.1
k141_4188	bin.1
k141_6265	bin.1
k141_2103	bin.1
k141_27	bin.1
k141_28	bin.1
k141_6268	bin.1
k141_4195	bin.1
k141_30	bin.1
k141_6270	bin.1
k141_32	bin.1
k141_4202	bin.1
k141_35	bin.1
k141_2110	bin.1
k141_2112	bin.1
k141_6276	bin.1
k141_4204	bin.1
k141_36	bin.1
k141_4205	bin.1
k141_6280	bin.1
k141_6281	bin.1
k141_2120	bin.1
k141_2122	bin.1
k141_6283	bin.1
k141_43	bin.1
k141_2123	bin.1
k141_6288	bin.1
k141_44	bin.1
k141_4213	bin.1
k141_6289	bin.1
k141_49	bin.1
k141_2125	bin.1
k141_6293	bin.1
k141_4228	bin.1
k141_55	bin.1
k141_2131	bin.1
k141_2133	bin.1
k141_4235	bin.1
k141_6311	bin.1
k141_66	bin.1
k141_2135	bin.1
k141_4238	bin.1
k141_6312	bin.1
k141_2137	bin.1
k141_6313	bin.1
k141_4239	bin.1
k141_4243	bin.1
k141_68	bin.1
k141_2142	bin.1
k141_6326	bin.1
k141_2146	bin.1
k141_72	bin.1
k141_4253	bin.1
k141_73	bin.1
k141_2148	bin.1
k141_6328	bin.1
k141_74	bin.1
k141_4258	bin.1
k141_2149	bin.1
k141_6329	bin.1
k141_6330	bin.1
k141_2157	bin.1
k141_78	bin.1
k141_6332	bin.1
k141_2159	bin.1
k141_6333	bin.1
k141_83	bin.1
k141_4278	bin.1
k141_6337	bin.1
k141_87	bin.1
k141_6342	bin.1
k141_4279	bin.1
k141_4280	bin.1
k141_90	bin.1
k141_6348	bin.1
k141_4288	bin.1
k141_2168	bin.1
k141_6349	bin.1
k141_100	bin.1
k141_2174	bin.1
k141_4290	bin.1
k141_102	bin.1
k141_2176	bin.1
k141_4292	bin.1
k141_6350	bin.1
k141_4294	bin.1
k141_2177	bin.1
k141_104	bin.1
k141_6354	bin.1
k141_6356	bin.1
k141_4301	bin.1
k141_2178	bin.1
k141_6358	bin.1
k141_4303	bin.1
k141_114	bin.1
k141_6359	bin.1
k141_116	bin.1
k141_2181	bin.1
k141_117	bin.1
k141_4304	bin.1
k141_6364	bin.1
k141_120	bin.1
k141_4312	bin.1
k141_2189	bin.1
k141_2191	bin.1
k141_6366	bin.1
k141_4315	bin.1
k141_4317	bin.1
k141_2197	bin.1
k141_6373	bin.1
k141_2198	bin.1
k141_6375	bin.1
k141_4319	bin.1
k141_2199	bin.1
k141_6376	bin.1
k141_142	bin.1
k141_4320	bin.1
k141_6377	bin.1
k141_2206	bin.1
k141_4321	bin.1
k141_2208	bin.1
k141_143	bin.1
k141_2210	bin.1
k141_4326	bin.1
k141_148	bin.1
k141_4329	bin.1
k141_2218	bin.1
k141_151	bin.1
k141_4332	bin.1
k141_6380	bin.1
k141_2222	bin.1
k141_4334	bin.1
k141_154	bin.1
k141_6386	bin.1
k141_2223	bin.1
k141_4337	bin.1
k141_157	bin.1
k141_6394	bin.1
k141_4340	bin.1
k141_160	bin.1
k141_2225	bin.1
k141_4341	bin.1
k141_2228	bin.1
k141_161	bin.1
k141_2233	bin.1
k141_4350	bin.1
k141_6410	bin.1
k141_2241	bin.1
k141_6411	bin.1
k141_4352	bin.1
k141_2242	bin.1
k141_167	bin.1
k141_6413	bin.1
k141_4353	bin.1
k141_168	bin.1
k141_169	bin.1
k141_4359	bin.1
k141_2249	bin.1
k141_172	bin.1
k141_4362	bin.1
k141_4363	bin.1
k141_4367	bin.1
k141_182	bin.1
k141_6436	bin.1
k141_4376	bin.1
k141_6440	bin.1
k141_187	bin.1
k141_2269	bin.1
k141_4380	bin.1
k141_6443	bin.1
k141_190	bin.1
k141_6445	bin.1
k141_2279	bin.1
k141_191	bin.1
k141_2280	bin.1
k141_6451	bin.1
k141_2283	bin.1
k141_194	bin.1
k141_4384	bin.1
k141_6453	bin.1
k141_6454	bin.1
k141_198	bin.1
k141_6459	bin.1
k141_2294	bin.1
k141_6461	bin.1
k141_4392	bin.1
k141_2297	bin.1
k141_6464	bin.1
k141_204	bin.1
k141_6465	bin.1
k141_2301	bin.1
k141_206	bin.1
k141_2302	bin.1
k141_2305	bin.1
k141_6474	bin.1
k141_2307	bin.1
k141_207	bin.1
k141_4410	bin.1
k141_6480	bin.1
k141_2309	bin.1
k141_208	bin.1
k141_4412	bin.1
k141_2312	bin.1
k141_6481	bin.1
k141_2314	bin.1
k141_212	bin.1
k141_4416	bin.1
k141_6490	bin.1
k141_2318	bin.1
k141_4417	bin.1
k141_2321	bin.1
k141_6491	bin.1
k141_4420	bin.1
k141_4421	bin.1
k141_4422	bin.1
k141_6495	bin.1
k141_2322	bin.1
k141_221	bin.1
k141_2323	bin.1
k141_6497	bin.1
k141_2324	bin.1
k141_6501	bin.1
k141_225	bin.1
k141_4429	bin.1
k141_2328	bin.1
k141_227	bin.1
k141_4432	bin.1
k141_6505	bin.1
k141_6506	bin.1
k141_2334	bin.1
k141_4435	bin.1
k141_6509	bin.1
k141_2337	bin.1
k141_4441	bin.1
k141_234	bin.1
k141_4442	bin.1
k141_2338	bin.1
k141_6512	bin.1
k141_241	bin.1
k141_4445	bin.1
k141_2340	bin.1
k141_2341	bin.1
k141_242	bin.1
k141_4446	bin.1
k141_4448	bin.1
k141_6517	bin.1
k141_247	bin.1
k141_6518	bin.1
k141_6519	bin.1
k141_2351	bin.1
k141_4451	bin.1
k141_2353	bin.1
k141_252	bin.1
k141_253	bin.1
k141_6526	bin.1
k141_2355	bin.1
k141_4455	bin.1
k141_256	bin.1
k141_2357	bin.1
k141_6527	bin.1
k141_258	bin.1
k141_2359	bin.1
k141_4467	bin.1
k141_267	bin.1
k141_4468	bin.1
k141_6535	bin.1
k141_4472	bin.1
k141_6536	bin.1
k141_2372	bin.1
k141_2374	bin.1
k141_4474	bin.1
k141_274	bin.1
k141_2378	bin.1
k141_275	bin.1
k141_4475	bin.1
k141_6540	bin.1
k141_2381	bin.1
k141_276	bin.1
k141_6542	bin.1
k141_2385	bin.1
k141_6546	bin.1
k141_2386	bin.1
k141_2387	bin.1
k141_6547	bin.1
k141_286	bin.1
k141_2388	bin.1
k141_4490	bin.1
k141_4491	bin.1
k141_289	bin.1
k141_6548	bin.1
k141_2395	bin.1
k141_4493	bin.1
k141_6551	bin.1
k141_2397	bin.1
k141_4495	bin.1
k141_296	bin.1
k141_6558	bin.1
k141_4498	bin.1
k141_2398	bin.1
k141_6559	bin.1
k141_297	bin.1
k141_4503	bin.1
k141_2401	bin.1
k141_2402	bin.1
k141_6563	bin.1
k141_300	bin.1
k141_302	bin.1
k141_6570	bin.1
k141_4506	bin.1
k141_2412	bin.1
k141_4509	bin.1
k141_6573	bin.1
k141_308	bin.1
k141_2413	bin.1
k141_2415	bin.1
k141_309	bin.1
k141_6575	bin.1
k141_6577	bin.1
k141_4514	bin.1
k141_2417	bin.1
k141_6579	bin.1
k141_318	bin.1
k141_4516	bin.1
k141_4517	bin.1
k141_6582	bin.1
k141_321	bin.1
k141_2423	bin.1
k141_4518	bin.1
k141_6585	bin.1
k141_4521	bin.1
k141_2424	bin.1
k141_6586	bin.1
k141_4522	bin.1
k141_2427	bin.1
k141_327	bin.1
k141_331	bin.1
k141_6590	bin.1
k141_2430	bin.1
k141_4524	bin.1
k141_2431	bin.1
k141_6592	bin.1
k141_6594	bin.1
k141_338	bin.1
k141_340	bin.1
k141_4531	bin.1
k141_341	bin.1
k141_2438	bin.1
k141_2443	bin.1
k141_6606	bin.1
k141_344	bin.1
k141_6608	bin.1
k141_2444	bin.1
k141_4537	bin.1
k141_351	bin.1
k141_4543	bin.1
k141_6615	bin.1
k141_354	bin.1
k141_2452	bin.1
k141_4544	bin.1
k141_6617	bin.1
k141_357	bin.1
k141_2454	bin.1
k141_360	bin.1
k141_4547	bin.1
k141_361	bin.1
k141_6627	bin.1
k141_4550	bin.1
k141_2455	bin.1
k141_4552	bin.1
k141_2456	bin.1
k141_6635	bin.1
k141_4553	bin.1
k141_2457	bin.1
k141_378	bin.1
k141_4555	bin.1
k141_6640	bin.1
k141_381	bin.1
k141_4556	bin.1
k141_2459	bin.1
k141_6642	bin.1
k141_384	bin.1
k141_4557	bin.1
k141_4558	bin.1
k141_2464	bin.1
k141_6644	bin.1
k141_387	bin.1
k141_388	bin.1
k141_2466	bin.1
k141_4562	bin.1
k141_6647	bin.1
k141_2468	bin.1
k141_4564	bin.1
k141_395	bin.1
k141_6649	bin.1
k141_396	bin.1
k141_4569	bin.1
k141_397	bin.1
k141_6655	bin.1
k141_398	bin.1
k141_399	bin.1
k141_4570	bin.1
k141_2491	bin.1
k141_401	bin.1
k141_6667	bin.1
k141_4576	bin.1
k141_6669	bin.1
k141_2501	bin.1
k141_4578	bin.1
k141_2502	bin.1
k141_4580	bin.1
k141_6671	bin.1
k141_2506	bin.1
k141_4582	bin.1
k141_2510	bin.1
k141_2511	bin.1
k141_6673	bin.1
k141_4587	bin.1
k141_425	bin.1
k141_2512	bin.1
k141_6675	bin.1
k141_4594	bin.1
k141_6676	bin.1
k141_436	bin.1
k141_6679	bin.1
k141_2525	bin.1
k141_437	bin.1
k141_4609	bin.1
k141_6681	bin.1
k141_439	bin.1
k141_2528	bin.1
k141_6682	bin.1
k141_4610	bin.1
k141_441	bin.1
k141_2529	bin.1
k141_6683	bin.1
k141_4612	bin.1
k141_442	bin.1
k141_4614	bin.1
k141_443	bin.1
k141_4617	bin.1
k141_2532	bin.1
k141_4619	bin.1
k141_453	bin.1
k141_6691	bin.1
k141_4622	bin.1
k141_455	bin.1
k141_4624	bin.1
k141_6695	bin.1
k141_459	bin.1
k141_4627	bin.1
k141_2548	bin.1
k141_6696	bin.1
k141_4629	bin.1
k141_464	bin.1
k141_4631	bin.1
k141_6701	bin.1
k141_6702	bin.1
k141_4633	bin.1
k141_470	bin.1
k141_2551	bin.1
k141_6704	bin.1
k141_2554	bin.1
k141_6710	bin.1
k141_4640	bin.1
k141_6712	bin.1
k141_2556	bin.1
k141_472	bin.1
k141_473	bin.1
k141_6715	bin.1
k141_2563	bin.1
k141_4643	bin.1
k141_6718	bin.1
k141_475	bin.1
k141_4644	bin.1
k141_476	bin.1
k141_6719	bin.1
k141_2567	bin.1
k141_4648	bin.1
k141_6721	bin.1
k141_483	bin.1
k141_2575	bin.1
k141_2579	bin.1
k141_487	bin.1
k141_2585	bin.1
k141_6722	bin.1
k141_4652	bin.1
k141_490	bin.1
k141_6724	bin.1
k141_2594	bin.1
k141_4658	bin.1
k141_4659	bin.1
k141_2596	bin.1
k141_6733	bin.1
k141_503	bin.1
k141_6739	bin.1
k141_4662	bin.1
k141_507	bin.1
k141_6741	bin.1
k141_4664	bin.1
k141_6742	bin.1
k141_2613	bin.1
k141_511	bin.1
k141_4669	bin.1
k141_6743	bin.1
k141_6744	bin.1
k141_512	bin.1
k141_2614	bin.1
k141_6745	bin.1
k141_4678	bin.1
k141_2617	bin.1
k141_515	bin.1
k141_6746	bin.1
k141_6747	bin.1
k141_516	bin.1
k141_4683	bin.1
k141_517	bin.1
k141_2627	bin.1
k141_6749	bin.1
k141_518	bin.1
k141_2630	bin.1
k141_6752	bin.1
k141_519	bin.1
k141_4691	bin.1
k141_523	bin.1
k141_6754	bin.1
k141_4692	bin.1
k141_2636	bin.1
k141_524	bin.1
k141_527	bin.1
k141_6760	bin.1
k141_2643	bin.1
k141_6762	bin.1
k141_4703	bin.1
k141_6763	bin.1
k141_2644	bin.1
k141_528	bin.1
k141_2646	bin.1
k141_6764	bin.1
k141_4704	bin.1
k141_6765	bin.1
k141_2648	bin.1
k141_4710	bin.1
k141_6767	bin.1
k141_2649	bin.1
k141_4712	bin.1
k141_541	bin.1
k141_6768	bin.1
k141_6773	bin.1
k141_2657	bin.1
k141_4717	bin.1
k141_6774	bin.1
k141_4718	bin.1
k141_549	bin.1
k141_2662	bin.1
k141_550	bin.1
k141_6786	bin.1
k141_551	bin.1
k141_4726	bin.1
k141_6788	bin.1
k141_4728	bin.1
k141_555	bin.1
k141_2674	bin.1
k141_6790	bin.1
k141_2677	bin.1
k141_562	bin.1
k141_2678	bin.1
k141_6793	bin.1
k141_6794	bin.1
k141_4746	bin.1
k141_2686	bin.1
k141_6800	bin.1
k141_575	bin.1
k141_6803	bin.1
k141_578	bin.1
k141_2690	bin.1
k141_6804	bin.1
k141_4761	bin.1
k141_2691	bin.1
k141_6806	bin.1
k141_4763	bin.1
k141_583	bin.1
k141_2697	bin.1
k141_4765	bin.1
k141_2700	bin.1
k141_589	bin.1
k141_4768	bin.1
k141_590	bin.1
k141_4769	bin.1
k141_6823	bin.1
k141_593	bin.1
k141_6825	bin.1
k141_594	bin.1
k141_2705	bin.1
k141_4773	bin.1
k141_6826	bin.1
k141_2708	bin.1
k141_6827	bin.1
k141_4776	bin.1
k141_2710	bin.1
k141_604	bin.1
k141_6834	bin.1
k141_2711	bin.1
k141_613	bin.1
k141_4795	bin.1
k141_614	bin.1
k141_2713	bin.1
k141_6838	bin.1
k141_2716	bin.1
k141_615	bin.1
k141_4799	bin.1
k141_6839	bin.1
k141_4802	bin.1
k141_2722	bin.1
k141_6841	bin.1
k141_4803	bin.1
k141_629	bin.1
k141_2726	bin.1
k141_4805	bin.1
k141_6848	bin.1
k141_630	bin.1
k141_2727	bin.1
k141_6849	bin.1
k141_6850	bin.1
k141_2728	bin.1
k141_2731	bin.1
k141_4813	bin.1
k141_633	bin.1
k141_6852	bin.1
k141_2737	bin.1
k141_4816	bin.1
k141_6854	bin.1
k141_634	bin.1
k141_2740	bin.1
k141_4818	bin.1
k141_6855	bin.1
k141_636	bin.1
k141_4820	bin.1
k141_637	bin.1
k141_2744	bin.1
k141_6861	bin.1
k141_639	bin.1
k141_6864	bin.1
k141_2748	bin.1
k141_2749	bin.1
k141_641	bin.1
k141_4832	bin.1
k141_6865	bin.1
k141_4833	bin.1
k141_643	bin.1
k141_2754	bin.1
k141_649	bin.1
k141_6872	bin.1
k141_6873	bin.1
k141_651	bin.1
k141_4842	bin.1
k141_653	bin.1
k141_2765	bin.1
k141_4843	bin.1
k141_654	bin.1
k141_6884	bin.1
k141_2767	bin.1
k141_657	bin.1
k141_4854	bin.1
k141_2770	bin.1
k141_2771	bin.1
k141_4857	bin.1
k141_6899	bin.1
k141_2773	bin.1
k141_4860	bin.1
k141_664	bin.1
k141_4861	bin.1
k141_2775	bin.1
k141_666	bin.1
k141_6901	bin.1
k141_2780	bin.1
k141_6902	bin.1
k141_4863	bin.1
k141_4866	bin.1
k141_2785	bin.1
k141_6908	bin.1
k141_681	bin.1
k141_4869	bin.1
k141_682	bin.1
k141_6916	bin.1
k141_2790	bin.1
k141_6917	bin.1
k141_684	bin.1
k141_2792	bin.1
k141_4872	bin.1
k141_6920	bin.1
k141_691	bin.1
k141_4877	bin.1
k141_2793	bin.1
k141_6925	bin.1
k141_694	bin.1
k141_6926	bin.1
k141_2797	bin.1
k141_6929	bin.1
k141_700	bin.1
k141_4889	bin.1
k141_701	bin.1
k141_2804	bin.1
k141_4890	bin.1
k141_2805	bin.1
k141_703	bin.1
k141_2807	bin.1
k141_6930	bin.1
k141_4894	bin.1
k141_6932	bin.1
k141_2810	bin.1
k141_712	bin.1
k141_714	bin.1
k141_6934	bin.1
k141_4898	bin.1
k141_2816	bin.1
k141_4899	bin.1
k141_715	bin.1
k141_4900	bin.1
k141_6935	bin.1
k141_4901	bin.1
k141_2827	bin.1
k141_721	bin.1
k141_6940	bin.1
k141_4910	bin.1
k141_2831	bin.1
k141_724	bin.1
k141_4914	bin.1
k141_2833	bin.1
k141_6947	bin.1
k141_2836	bin.1
k141_730	bin.1
k141_6952	bin.1
k141_2839	bin.1
k141_6953	bin.1
k141_731	bin.1
k141_2842	bin.1
k141_6958	bin.1
k141_4932	bin.1
k141_732	bin.1
k141_6959	bin.1
k141_4933	bin.1
k141_2845	bin.1
k141_6964	bin.1
k141_2849	bin.1
k141_4940	bin.1
k141_744	bin.1
k141_6968	bin.1
k141_4946	bin.1
k141_2859	bin.1
k141_750	bin.1
k141_6971	bin.1
k141_751	bin.1
k141_6972	bin.1
k141_2862	bin.1
k141_753	bin.1
k141_4951	bin.1
k141_6974	bin.1
k141_754	bin.1
k141_4953	bin.1
k141_6976	bin.1
k141_2867	bin.1
k141_4955	bin.1
k141_6977	bin.1
k141_2868	bin.1
k141_762	bin.1
k141_4956	bin.1
k141_6978	bin.1
k141_2870	bin.1
k141_6983	bin.1
k141_763	bin.1
k141_4957	bin.1
k141_2876	bin.1
k141_6985	bin.1
k141_2877	bin.1
k141_4959	bin.1
k141_2880	bin.1
k141_6990	bin.1
k141_770	bin.1
k141_2883	bin.1
k141_4964	bin.1
k141_6992	bin.1
k141_2885	bin.1
k141_772	bin.1
k141_4965	bin.1
k141_6993	bin.1
k141_2890	bin.1
k141_777	bin.1
k141_7002	bin.1
k141_4972	bin.1
k141_4975	bin.1
k141_2891	bin.1
k141_786	bin.1
k141_7011	bin.1
k141_787	bin.1
k141_4982	bin.1
k141_2899	bin.1
k141_7017	bin.1
k141_791	bin.1
k141_4983	bin.1
k141_792	bin.1
k141_7019	bin.1
k141_4989	bin.1
k141_2900	bin.1
k141_798	bin.1
k141_7022	bin.1
k141_2905	bin.1
k141_7023	bin.1
k141_801	bin.1
k141_4997	bin.1
k141_2908	bin.1
k141_807	bin.1
k141_5008	bin.1
k141_7033	bin.1
k141_2910	bin.1
k141_2911	bin.1
k141_5016	bin.1
k141_2914	bin.1
k141_819	bin.1
k141_5022	bin.1
k141_7050	bin.1
k141_822	bin.1
k141_5027	bin.1
k141_7052	bin.1
k141_2919	bin.1
k141_5028	bin.1
k141_830	bin.1
k141_2920	bin.1
k141_5030	bin.1
k141_7055	bin.1
k141_7056	bin.1
k141_833	bin.1
k141_2923	bin.1
k141_7058	bin.1
k141_834	bin.1
k141_2927	bin.1
k141_7061	bin.1
k141_5044	bin.1
k141_2930	bin.1
k141_839	bin.1
k141_7066	bin.1
k141_2931	bin.1
k141_7067	bin.1
k141_5046	bin.1
k141_7072	bin.1
k141_846	bin.1
k141_5047	bin.1
k141_7074	bin.1
k141_2944	bin.1
k141_5050	bin.1
k141_2945	bin.1
k141_7075	bin.1
k141_5051	bin.1
k141_851	bin.1
k141_2947	bin.1
k141_5052	bin.1
k141_5053	bin.1
k141_854	bin.1
k141_7076	bin.1
k141_5054	bin.1
k141_858	bin.1
k141_2950	bin.1
k141_7082	bin.1
k141_5055	bin.1
k141_859	bin.1
k141_2951	bin.1
k141_861	bin.1
k141_7083	bin.1
k141_863	bin.1
k141_2955	bin.1
k141_864	bin.1
k141_5066	bin.1
k141_865	bin.1
k141_2961	bin.1
k141_5068	bin.1
k141_872	bin.1
k141_2966	bin.1
k141_7095	bin.1
k141_7097	bin.1
k141_2967	bin.1
k141_7098	bin.1
k141_2968	bin.1
k141_7099	bin.1
k141_5076	bin.1
k141_877	bin.1
k141_7104	bin.1
k141_5080	bin.1
k141_2972	bin.1
k141_5081	bin.1
k141_880	bin.1
k141_5082	bin.1
k141_7112	bin.1
k141_2976	bin.1
k141_881	bin.1
k141_2978	bin.1
k141_5084	bin.1
k141_882	bin.1
k141_5089	bin.1
k141_883	bin.1
k141_7117	bin.1
k141_5092	bin.1
k141_2983	bin.1
k141_5094	bin.1
k141_7123	bin.1
k141_890	bin.1
k141_2988	bin.1
k141_7127	bin.1
k141_894	bin.1
k141_5096	bin.1
k141_2991	bin.1
k141_899	bin.1
k141_7133	bin.1
k141_7136	bin.1
k141_900	bin.1
k141_5107	bin.1
k141_2999	bin.1
k141_3001	bin.1
k141_7140	bin.1
k141_7142	bin.1
k141_5113	bin.1
k141_907	bin.1
k141_5115	bin.1
k141_7144	bin.1
k141_3008	bin.1
k141_913	bin.1
k141_5118	bin.1
k141_7147	bin.1
k141_5119	bin.1
k141_3015	bin.1
k141_7150	bin.1
k141_918	bin.1
k141_5121	bin.1
k141_3016	bin.1
k141_920	bin.1
k141_7154	bin.1
k141_5122	bin.1
k141_923	bin.1
k141_3018	bin.1
k141_7156	bin.1
k141_925	bin.1
k141_5125	bin.1
k141_7158	bin.1
k141_926	bin.1
k141_5126	bin.1
k141_7159	bin.1
k141_3028	bin.1
k141_5127	bin.1
k141_7160	bin.1
k141_3029	bin.1
k141_7161	bin.1
k141_3032	bin.1
k141_7162	bin.1
k141_932	bin.1
k141_933	bin.1
k141_3035	bin.1
k141_7164	bin.1
k141_5130	bin.1
k141_936	bin.1
k141_3042	bin.1
k141_5134	bin.1
k141_938	bin.1
k141_7169	bin.1
k141_939	bin.1
k141_3044	bin.1
k141_7171	bin.1
k141_3045	bin.1
k141_940	bin.1
k141_7172	bin.1
k141_5144	bin.1
k141_943	bin.1
k141_7175	bin.1
k141_3046	bin.1
k141_3047	bin.1
k141_945	bin.1
k141_7177	bin.1
k141_5154	bin.1
k141_3054	bin.1
k141_7178	bin.1
k141_5157	bin.1
k141_3059	bin.1
k141_948	bin.1
k141_5161	bin.1
k141_3060	bin.1
k141_7180	bin.1
k141_3063	bin.1
k141_951	bin.1
k141_5167	bin.1
k141_952	bin.1
k141_7183	bin.1
k141_3070	bin.1
k141_965	bin.1
k141_968	bin.1
k141_3072	bin.1
k141_5185	bin.1
k141_5186	bin.1
k141_971	bin.1
k141_3075	bin.1
k141_3076	bin.1
k141_7198	bin.1
k141_974	bin.1
k141_3077	bin.1
k141_7200	bin.1
k141_3080	bin.1
k141_978	bin.1
k141_3081	bin.1
k141_5202	bin.1
k141_981	bin.1
k141_3082	bin.1
k141_7202	bin.1
k141_982	bin.1
k141_3083	bin.1
k141_5203	bin.1
k141_7207	bin.1
k141_3087	bin.1
k141_986	bin.1
k141_3093	bin.1
k141_7209	bin.1
k141_989	bin.1
k141_5215	bin.1
k141_7210	bin.1
k141_3097	bin.1
k141_3100	bin.1
k141_5218	bin.1
k141_7212	bin.1
k141_5219	bin.1
k141_3102	bin.1
k141_5220	bin.1
k141_7214	bin.1
k141_1001	bin.1
k141_3105	bin.1
k141_1011	bin.1
k141_7221	bin.1
k141_5228	bin.1
k141_5229	bin.1
k141_3106	bin.1
k141_5231	bin.1
k141_7226	bin.1
k141_1021	bin.1
k141_1022	bin.1
k141_7229	bin.1
k141_3115	bin.1
k141_3116	bin.1
k141_7232	bin.1
k141_1023	bin.1
k141_5237	bin.1
k141_3121	bin.1
k141_1026	bin.1
k141_5238	bin.1
k141_7245	bin.1
k141_3122	bin.1
k141_1028	bin.1
k141_5241	bin.1
k141_7253	bin.1
k141_5250	bin.1
k141_1032	bin.1
k141_7254	bin.1
k141_5253	bin.1
k141_3133	bin.1
k141_1033	bin.1
k141_7255	bin.1
k141_1036	bin.1
k141_3136	bin.1
k141_3137	bin.1
k141_7258	bin.1
k141_1040	bin.1
k141_5261	bin.1
k141_1043	bin.1
k141_7259	bin.1
k141_3144	bin.1
k141_5263	bin.1
k141_7260	bin.1
k141_1049	bin.1
k141_5267	bin.1
k141_7264	bin.1
k141_1051	bin.1
k141_5270	bin.1
k141_3153	bin.1
k141_1053	bin.1
k141_1054	bin.1
k141_3157	bin.1
k141_7276	bin.1
k141_1055	bin.1
k141_3158	bin.1
k141_7280	bin.1
k141_5282	bin.1
k141_1056	bin.1
k141_1059	bin.1
k141_3162	bin.1
k141_5289	bin.1
k141_1065	bin.1
k141_7283	bin.1
k141_1066	bin.1
k141_5294	bin.1
k141_1071	bin.1
k141_5295	bin.1
k141_7295	bin.1
k141_5296	bin.1
k141_1075	bin.1
k141_3166	bin.1
k141_7297	bin.1
k141_5302	bin.1
k141_1082	bin.1
k141_7301	bin.1
k141_5309	bin.1
k141_5310	bin.1
k141_1086	bin.1
k141_3180	bin.1
k141_7303	bin.1
k141_1087	bin.1
k141_5313	bin.1
k141_7305	bin.1
k141_1089	bin.1
k141_5317	bin.1
k141_3186	bin.1
k141_5318	bin.1
k141_7307	bin.1
k141_3187	bin.1
k141_1093	bin.1
k141_7309	bin.1
k141_3188	bin.1
k141_1095	bin.1
k141_5324	bin.1
k141_3189	bin.1
k141_1098	bin.1
k141_5326	bin.1
k141_7321	bin.1
k141_5330	bin.1
k141_7327	bin.1
k141_3206	bin.1
k141_1107	bin.1
k141_5333	bin.1
k141_7328	bin.1
k141_3209	bin.1
k141_5335	bin.1
k141_5336	bin.1
k141_1111	bin.1
k141_3210	bin.1
k141_5337	bin.1
k141_7337	bin.1
k141_3213	bin.1
k141_1117	bin.1
k141_5346	bin.1
k141_3215	bin.1
k141_7347	bin.1
k141_1124	bin.1
k141_7349	bin.1
k141_5349	bin.1
k141_3221	bin.1
k141_7351	bin.1
k141_1126	bin.1
k141_5352	bin.1
k141_3225	bin.1
k141_5354	bin.1
k141_1131	bin.1
k141_3227	bin.1
k141_7353	bin.1
k141_1134	bin.1
k141_5359	bin.1
k141_7355	bin.1
k141_1142	bin.1
k141_7356	bin.1
k141_3238	bin.1
k141_5371	bin.1
k141_3239	bin.1
k141_1144	bin.1
k141_1148	bin.1
k141_7362	bin.1
k141_3246	bin.1
k141_3248	bin.1
k141_5381	bin.1
k141_7364	bin.1
k141_3250	bin.1
k141_7365	bin.1
k141_5382	bin.1
k141_1149	bin.1
k141_3252	bin.1
k141_1150	bin.1
k141_7366	bin.1
k141_5387	bin.1
k141_1151	bin.1
k141_3258	bin.1
k141_5389	bin.1
k141_7376	bin.1
k141_3259	bin.1
k141_7378	bin.1
k141_5393	bin.1
k141_5396	bin.1
k141_7380	bin.1
k141_1161	bin.1
k141_3262	bin.1
k141_5397	bin.1
k141_7383	bin.1
k141_5401	bin.1
k141_1166	bin.1
k141_5402	bin.1
k141_7385	bin.1
k141_7386	bin.1
k141_5405	bin.1
k141_1170	bin.1
k141_7390	bin.1
k141_5408	bin.1
k141_3278	bin.1
k141_5409	bin.1
k141_1172	bin.1
k141_7392	bin.1
k141_5410	bin.1
k141_3284	bin.1
k141_1176	bin.1
k141_5412	bin.1
k141_7397	bin.1
k141_3288	bin.1
k141_7399	bin.1
k141_5415	bin.1
k141_1183	bin.1
k141_3291	bin.1
k141_5417	bin.1
k141_1186	bin.1
k141_7402	bin.1
k141_5418	bin.1
k141_3292	bin.1
k141_1188	bin.1
k141_5420	bin.1
k141_7404	bin.1
k141_5421	bin.1
k141_7407	bin.1
k141_3295	bin.1
k141_5423	bin.1
k141_1193	bin.1
k141_7408	bin.1
k141_5425	bin.1
k141_3299	bin.1
k141_7410	bin.1
k141_3302	bin.1
k141_7412	bin.1
k141_1202	bin.1
k141_5428	bin.1
k141_7414	bin.1
k141_3303	bin.1
k141_5430	bin.1
k141_3304	bin.1
k141_1206	bin.1
k141_7420	bin.1
k141_5434	bin.1
k141_3309	bin.1
k141_1209	bin.1
k141_3312	bin.1
k141_5438	bin.1
k141_1211	bin.1
k141_3316	bin.1
k141_7433	bin.1
k141_3317	bin.1
k141_3318	bin.1
k141_5447	bin.1
k141_1217	bin.1
k141_7441	bin.1
k141_1218	bin.1
k141_5448	bin.1
k141_3323	bin.1
k141_1221	bin.1
k141_7447	bin.1
k141_5454	bin.1
k141_3324	bin.1
k141_7448	bin.1
k141_1225	bin.1
k141_3327	bin.1
k141_7449	bin.1
k141_1231	bin.1
k141_3328	bin.1
k141_5460	bin.1
k141_3330	bin.1
k141_7453	bin.1
k141_3332	bin.1
k141_7456	bin.1
k141_3336	bin.1
k141_5476	bin.1
k141_3337	bin.1
k141_7457	bin.1
k141_1232	bin.1
k141_5479	bin.1
k141_7460	bin.1
k141_1233	bin.1
k141_3339	bin.1
k141_5481	bin.1
k141_7462	bin.1
k141_3343	bin.1
k141_1238	bin.1
k141_5482	bin.1
k141_3344	bin.1
k141_7465	bin.1
k141_3345	bin.1
k141_3346	bin.1
k141_7466	bin.1
k141_3347	bin.1
k141_5490	bin.1
k141_1244	bin.1
k141_5493	bin.1
k141_3350	bin.1
k141_1248	bin.1
k141_7468	bin.1
k141_5495	bin.1
k141_1252	bin.1
k141_7470	bin.1
k141_5500	bin.1
k141_7473	bin.1
k141_3351	bin.1
k141_1258	bin.1
k141_7474	bin.1
k141_3353	bin.1
k141_7477	bin.1
k141_1263	bin.1
k141_3357	bin.1
k141_1269	bin.1
k141_5506	bin.1
k141_1270	bin.1
k141_7485	bin.1
k141_5509	bin.1
k141_1272	bin.1
k141_3368	bin.1
k141_7490	bin.1
k141_1273	bin.1
k141_5511	bin.1
k141_3370	bin.1
k141_5515	bin.1
k141_1277	bin.1
k141_5518	bin.1
k141_1278	bin.1
k141_7492	bin.1
k141_3375	bin.1
k141_1279	bin.1
k141_3376	bin.1
k141_7497	bin.1
k141_3377	bin.1
k141_1283	bin.1
k141_5524	bin.1
k141_3380	bin.1
k141_1287	bin.1
k141_5525	bin.1
k141_5526	bin.1
k141_7502	bin.1
k141_3384	bin.1
k141_1296	bin.1
k141_5530	bin.1
k141_3385	bin.1
k141_7503	bin.1
k141_1297	bin.1
k141_1298	bin.1
k141_1300	bin.1
k141_3391	bin.1
k141_7512	bin.1
k141_5538	bin.1
k141_1304	bin.1
k141_7513	bin.1
k141_1306	bin.1
k141_3399	bin.1
k141_7515	bin.1
k141_5540	bin.1
k141_3400	bin.1
k141_7516	bin.1
k141_1309	bin.1
k141_7517	bin.1
k141_1310	bin.1
k141_3402	bin.1
k141_5552	bin.1
k141_7521	bin.1
k141_1311	bin.1
k141_1314	bin.1
k141_3409	bin.1
k141_5562	bin.1
k141_3411	bin.1
k141_7530	bin.1
k141_3413	bin.1
k141_7531	bin.1
k141_1317	bin.1
k141_3415	bin.1
k141_1320	bin.1
k141_3416	bin.1
k141_1321	bin.1
k141_7540	bin.1
k141_5581	bin.1
k141_1322	bin.1
k141_5582	bin.1
k141_3423	bin.1
k141_5584	bin.1
k141_7547	bin.1
k141_1325	bin.1
k141_5585	bin.1
k141_3428	bin.1
k141_5586	bin.1
k141_7553	bin.1
k141_1329	bin.1
k141_1331	bin.1
k141_7556	bin.1
k141_1333	bin.1
k141_1334	bin.1
k141_7562	bin.1
k141_1340	bin.1
k141_3446	bin.1
k141_1341	bin.1
k141_5605	bin.1
k141_7570	bin.1
k141_3455	bin.1
k141_3456	bin.1
k141_1344	bin.1
k141_7575	bin.1
k141_5606	bin.1
k141_5607	bin.1
k141_1345	bin.1
k141_3463	bin.1
k141_7576	bin.1
k141_7577	bin.1
k141_1346	bin.1
k141_3468	bin.1
k141_5612	bin.1
k141_3470	bin.1
k141_1347	bin.1
k141_7580	bin.1
k141_3471	bin.1
k141_5614	bin.1
k141_3472	bin.1
k141_1352	bin.1
k141_7582	bin.1
k141_5623	bin.1
k141_7586	bin.1
k141_5625	bin.1
k141_1358	bin.1
k141_3478	bin.1
k141_5628	bin.1
k141_7594	bin.1
k141_1360	bin.1
k141_5630	bin.1
k141_7597	bin.1
k141_1363	bin.1
k141_3486	bin.1
k141_7601	bin.1
k141_3493	bin.1
k141_5639	bin.1
k141_7605	bin.1
k141_7607	bin.1
k141_1379	bin.1
k141_3503	bin.1
k141_5642	bin.1
k141_5643	bin.1
k141_3506	bin.1
k141_7613	bin.1
k141_1383	bin.1
k141_5647	bin.1
k141_7616	bin.1
k141_5648	bin.1
k141_3522	bin.1
k141_7618	bin.1
k141_5649	bin.1
k141_7621	bin.1
k141_1387	bin.1
k141_7622	bin.1
k141_5653	bin.1
k141_1391	bin.1
k141_3524	bin.1
k141_7624	bin.1
k141_5657	bin.1
k141_1394	bin.1
k141_7625	bin.1
k141_1395	bin.1
k141_3530	bin.1
k141_7626	bin.1
k141_3531	bin.1
k141_1397	bin.1
k141_3533	bin.1
k141_5670	bin.1
k141_1399	bin.1
k141_7629	bin.1
k141_3538	bin.1
k141_3539	bin.1
k141_1406	bin.1
k141_7632	bin.1
k141_1407	bin.1
k141_3542	bin.1
k141_5678	bin.1
k141_1409	bin.1
k141_1416	bin.1
k141_1417	bin.1
k141_5685	bin.1
k141_3558	bin.1
k141_5686	bin.1
k141_1422	bin.1
k141_3560	bin.1
k141_1423	bin.1
k141_5689	bin.1
k141_7657	bin.1
k141_1428	bin.1
k141_7659	bin.1
k141_3561	bin.1
k141_5692	bin.1
k141_1429	bin.1
k141_3565	bin.1
k141_1430	bin.1
k141_7665	bin.1
k141_5696	bin.1
k141_3573	bin.1
k141_7666	bin.1
k141_1431	bin.1
k141_7670	bin.1
k141_5699	bin.1
k141_1434	bin.1
k141_1438	bin.1
k141_7672	bin.1
k141_3576	bin.1
k141_7675	bin.1
k141_5701	bin.1
k141_1439	bin.1
k141_7677	bin.1
k141_5704	bin.1
k141_3580	bin.1
k141_7678	bin.1
k141_1441	bin.1
k141_3583	bin.1
k141_5705	bin.1
k141_7682	bin.1
k141_1442	bin.1
k141_3590	bin.1
k141_3592	bin.1
k141_5715	bin.1
k141_1444	bin.1
k141_7691	bin.1
k141_3594	bin.1
k141_5723	bin.1
k141_1450	bin.1
k141_3600	bin.1
k141_7699	bin.1
k141_1453	bin.1
k141_7701	bin.1
k141_5731	bin.1
k141_1454	bin.1
k141_3604	bin.1
k141_1455	bin.1
k141_5734	bin.1
k141_7709	bin.1
k141_3606	bin.1
k141_5744	bin.1
k141_3607	bin.1
k141_1466	bin.1
k141_5745	bin.1
k141_3613	bin.1
k141_5747	bin.1
k141_5750	bin.1
k141_1471	bin.1
k141_3614	bin.1
k141_7726	bin.1
k141_5753	bin.1
k141_3622	bin.1
k141_1477	bin.1
k141_5755	bin.1
k141_1480	bin.1
k141_7728	bin.1
k141_5762	bin.1
k141_1481	bin.1
k141_3631	bin.1
k141_7731	bin.1
k141_3633	bin.1
k141_1485	bin.1
k141_7736	bin.1
k141_1489	bin.1
k141_5772	bin.1
k141_7742	bin.1
k141_1490	bin.1
k141_7747	bin.1
k141_5778	bin.1
k141_3649	bin.1
k141_5779	bin.1
k141_7748	bin.1
k141_3650	bin.1
k141_1495	bin.1
k141_5781	bin.1
k141_3651	bin.1
k141_1499	bin.1
k141_7754	bin.1
k141_3657	bin.1
k141_1501	bin.1
k141_5784	bin.1
k141_7758	bin.1
k141_3662	bin.1
k141_1504	bin.1
k141_5793	bin.1
k141_7768	bin.1
k141_3670	bin.1
k141_5797	bin.1
k141_3671	bin.1
k141_1506	bin.1
k141_7771	bin.1
k141_5799	bin.1
k141_3679	bin.1
k141_5802	bin.1
k141_3680	bin.1
k141_5803	bin.1
k141_1508	bin.1
k141_3682	bin.1
k141_7786	bin.1
k141_5804	bin.1
k141_1509	bin.1
k141_5805	bin.1
k141_1510	bin.1
k141_3691	bin.1
k141_7800	bin.1
k141_1513	bin.1
k141_5815	bin.1
k141_1515	bin.1
k141_5818	bin.1
k141_3693	bin.1
k141_3694	bin.1
k141_1518	bin.1
k141_3695	bin.1
k141_1520	bin.1
k141_5826	bin.1
k141_7806	bin.1
k141_1527	bin.1
k141_5829	bin.1
k141_5830	bin.1
k141_3698	bin.1
k141_7810	bin.1
k141_5833	bin.1
k141_1533	bin.1
k141_7812	bin.1
k141_1534	bin.1
k141_3700	bin.1
k141_7815	bin.1
k141_3701	bin.1
k141_1540	bin.1
k141_1541	bin.1
k141_5835	bin.1
k141_5837	bin.1
k141_7818	bin.1
k141_1543	bin.1
k141_3708	bin.1
k141_7821	bin.1
k141_1544	bin.1
k141_3712	bin.1
k141_1552	bin.1
k141_3714	bin.1
k141_5850	bin.1
k141_3717	bin.1
k141_7837	bin.1
k141_5851	bin.1
k141_3718	bin.1
k141_3719	bin.1
k141_5856	bin.1
k141_1555	bin.1
k141_7843	bin.1
k141_1556	bin.1
k141_5859	bin.1
k141_7844	bin.1
k141_3728	bin.1
k141_1558	bin.1
k141_7847	bin.1
k141_1559	bin.1
k141_5860	bin.1
k141_1560	bin.1
k141_7848	bin.1
k141_3733	bin.1
k141_5863	bin.1
k141_5864	bin.1
k141_7850	bin.1
k141_1562	bin.1
k141_3736	bin.1
k141_1563	bin.1
k141_5866	bin.1
k141_7851	bin.1
k141_3737	bin.1
k141_7853	bin.1
k141_1564	bin.1
k141_3746	bin.1
k141_1565	bin.1
k141_5869	bin.1
k141_3748	bin.1
k141_1566	bin.1
k141_7861	bin.1
k141_3753	bin.1
k141_7868	bin.1
k141_5875	bin.1
k141_3755	bin.1
k141_1572	bin.1
k141_7869	bin.1
k141_5876	bin.1
k141_3757	bin.1
k141_1575	bin.1
k141_7871	bin.1
k141_1577	bin.1
k141_3760	bin.1
k141_1578	bin.1
k141_7878	bin.1
k141_3761	bin.1
k141_5889	bin.1
k141_3763	bin.1
k141_1582	bin.1
k141_3766	bin.1
k141_5892	bin.1
k141_7884	bin.1
k141_7886	bin.1
k141_1583	bin.1
k141_5900	bin.1
k141_3772	bin.1
k141_5902	bin.1
k141_1588	bin.1
k141_5905	bin.1
k141_3780	bin.1
k141_1589	bin.1
k141_7905	bin.1
k141_7907	bin.1
k141_3787	bin.1
k141_1592	bin.1
k141_5912	bin.1
k141_1593	bin.1
k141_7912	bin.1
k141_3792	bin.1
k141_5915	bin.1
k141_1594	bin.1
k141_7914	bin.1
k141_1595	bin.1
k141_3796	bin.1
k141_7918	bin.1
k141_1599	bin.1
k141_3797	bin.1
k141_1600	bin.1
k141_7919	bin.1
k141_5917	bin.1
k141_7921	bin.1
k141_1602	bin.1
k141_3803	bin.1
k141_5918	bin.1
k141_1603	bin.1
k141_7924	bin.1
k141_3804	bin.1
k141_5921	bin.1
k141_3812	bin.1
k141_7931	bin.1
k141_5922	bin.1
k141_7934	bin.1
k141_1617	bin.1
k141_3816	bin.1
k141_3818	bin.1
k141_7935	bin.1
k141_1619	bin.1
k141_5934	bin.1
k141_7937	bin.1
k141_1624	bin.1
k141_7938	bin.1
k141_3822	bin.1
k141_1625	bin.1
k141_5937	bin.1
k141_7942	bin.1
k141_3827	bin.1
k141_5939	bin.1
k141_1626	bin.1
k141_5940	bin.1
k141_3834	bin.1
k141_1633	bin.1
k141_7959	bin.1
k141_3840	bin.1
k141_3843	bin.1
k141_1636	bin.1
k141_7964	bin.1
k141_5950	bin.1
k141_3847	bin.1
k141_1637	bin.1
k141_5951	bin.1
k141_3849	bin.1
k141_7973	bin.1
k141_5952	bin.1
k141_1641	bin.1
k141_3852	bin.1
k141_5954	bin.1
k141_1644	bin.1
k141_7975	bin.1
k141_3861	bin.1
k141_7983	bin.1
k141_3862	bin.1
k141_7984	bin.1
k141_5966	bin.1
k141_5968	bin.1
k141_3866	bin.1
k141_1661	bin.1
k141_3868	bin.1
k141_7986	bin.1
k141_5974	bin.1
k141_1665	bin.1
k141_7987	bin.1
k141_5976	bin.1
k141_7988	bin.1
k141_5977	bin.1
k141_3875	bin.1
k141_1666	bin.1
k141_5979	bin.1
k141_7998	bin.1
k141_3879	bin.1
k141_5980	bin.1
k141_5981	bin.1
k141_3883	bin.1
k141_1676	bin.1
k141_3884	bin.1
k141_8001	bin.1
k141_1679	bin.1
k141_1683	bin.1
k141_5987	bin.1
k141_1685	bin.1
k141_8005	bin.1
k141_3900	bin.1
k141_5994	bin.1
k141_8010	bin.1
k141_1693	bin.1
k141_5996	bin.1
k141_8012	bin.1
k141_5997	bin.1
k141_1698	bin.1
k141_3902	bin.1
k141_5998	bin.1
k141_1699	bin.1
k141_6001	bin.1
k141_8019	bin.1
k141_6002	bin.1
k141_1702	bin.1
k141_1703	bin.1
k141_3912	bin.1
k141_1708	bin.1
k141_3915	bin.1
k141_8031	bin.1
k141_1710	bin.1
k141_1711	bin.1
k141_6022	bin.1
k141_3918	bin.1
k141_6023	bin.1
k141_8035	bin.1
k141_1712	bin.1
k141_3920	bin.1
k141_6024	bin.1
k141_3921	bin.1
k141_8036	bin.1
k141_1716	bin.1
k141_8038	bin.1
k141_8043	bin.1
k141_3932	bin.1
k141_1722	bin.1
k141_3933	bin.1
k141_1723	bin.1
k141_6034	bin.1
k141_3934	bin.1
k141_6035	bin.1
k141_3937	bin.1
k141_1728	bin.1
k141_8051	bin.1
k141_6044	bin.1
k141_8052	bin.1
k141_1729	bin.1
k141_3950	bin.1
k141_8057	bin.1
k141_1731	bin.1
k141_8061	bin.1
k141_6046	bin.1
k141_3956	bin.1
k141_8065	bin.1
k141_3957	bin.1
k141_6052	bin.1
k141_1735	bin.1
k141_8067	bin.1
k141_3959	bin.1
k141_8069	bin.1
k141_3960	bin.1
k141_8072	bin.1
k141_6061	bin.1
k141_3962	bin.1
k141_6062	bin.1
k141_3963	bin.1
k141_6066	bin.1
k141_1745	bin.1
k141_8078	bin.1
k141_8079	bin.1
k141_3970	bin.1
k141_6070	bin.1
k141_1748	bin.1
k141_3971	bin.1
k141_8084	bin.1
k141_6072	bin.1
k141_1750	bin.1
k141_3982	bin.1
k141_6073	bin.1
k141_3984	bin.1
k141_8089	bin.1
k141_1751	bin.1
k141_3985	bin.1
k141_8091	bin.1
k141_3986	bin.1
k141_1752	bin.1
k141_8094	bin.1
k141_3987	bin.1
k141_8098	bin.1
k141_1754	bin.1
k141_6077	bin.1
k141_3990	bin.1
k141_1758	bin.1
k141_6079	bin.1
k141_3994	bin.1
k141_8100	bin.1
k141_6080	bin.1
k141_1767	bin.1
k141_8104	bin.1
k141_3998	bin.1
k141_8108	bin.1
k141_8111	bin.1
k141_6088	bin.1
k141_4007	bin.1
k141_8114	bin.1
k141_1773	bin.1
k141_4009	bin.1
k141_6093	bin.1
k141_4011	bin.1
k141_8118	bin.1
k141_4014	bin.1
k141_6096	bin.1
k141_1777	bin.1
k141_8119	bin.1
k141_8122	bin.1
k141_1784	bin.1
k141_6097	bin.1
k141_1785	bin.1
k141_4021	bin.1
k141_4022	bin.1
k141_6098	bin.1
k141_8126	bin.1
k141_1786	bin.1
k141_4028	bin.1
k141_8128	bin.1
k141_1787	bin.1
k141_6102	bin.1
k141_1792	bin.1
k141_8133	bin.1
k141_4037	bin.1
k141_1794	bin.1
k141_6114	bin.1
k141_8137	bin.1
k141_4040	bin.1
k141_8138	bin.1
k141_6118	bin.1
k141_1798	bin.1
k141_8139	bin.1
k141_6122	bin.1
k141_1800	bin.1
k141_4050	bin.1
k141_6128	bin.1
k141_4051	bin.1
k141_8144	bin.1
k141_1808	bin.1
k141_6132	bin.1
k141_8147	bin.1
k141_4054	bin.1
k141_1809	bin.1
k141_6134	bin.1
k141_8149	bin.1
k141_4055	bin.1
k141_1810	bin.1
k141_6135	bin.1
k141_1811	bin.1
k141_6137	bin.1
k141_8150	bin.1
k141_4060	bin.1
k141_1813	bin.1
k141_8154	bin.1
k141_1815	bin.1
k141_4064	bin.1
k141_8157	bin.1
k141_1817	bin.1
k141_1821	bin.1
k141_6152	bin.1
k141_4074	bin.1
k141_6153	bin.1
k141_8163	bin.1
k141_4075	bin.1
k141_6154	bin.1
k141_1829	bin.1
k141_8169	bin.1
k141_4076	bin.1
k141_8170	bin.1
k141_6165	bin.1
k141_1835	bin.1
k141_6166	bin.1
k141_1836	bin.1
k141_4084	bin.1
k141_8173	bin.1
k141_1837	bin.1
k141_1840	bin.1
k141_6175	bin.1
k141_4088	bin.1
k141_8178	bin.1
k141_4096	bin.1
k141_6176	bin.1
k141_8181	bin.1
k141_1848	bin.1
k141_6180	bin.1
k141_1851	bin.1
k141_1853	bin.1
k141_8190	bin.1
k141_4099	bin.1
k141_6183	bin.1
k141_1856	bin.1
k141_6186	bin.1
k141_4102	bin.1
k141_1857	bin.1
k141_6187	bin.1
k141_4103	bin.1
k141_8198	bin.1
k141_4104	bin.1
k141_6188	bin.1
k141_4106	bin.1
k141_1860	bin.1
k141_8204	bin.1
k141_6192	bin.1
k141_8205	bin.1
k141_1861	bin.1
k141_4113	bin.1
k141_4115	bin.1
k141_6203	bin.1
k141_8213	bin.1
k141_1869	bin.1
k141_6204	bin.1
k141_6206	bin.1
k141_4125	bin.1
k141_8215	bin.1
k141_6207	bin.1
k141_1875	bin.1
k141_8218	bin.1
k141_4129	bin.1
k141_8224	bin.1
k141_6218	bin.1
k141_4133	bin.1
k141_8228	bin.1
k141_6220	bin.1
k141_8229	bin.1
k141_1881	bin.1
k141_8232	bin.1
k141_4143	bin.1
k141_8234	bin.1
k141_6229	bin.1
k141_8236	bin.1
k141_4153	bin.1
k141_8237	bin.1
k141_1893	bin.1
k141_6240	bin.1
k141_8240	bin.1
k141_1894	bin.1
k141_6244	bin.1
k141_4157	bin.1
k141_8242	bin.1
k141_6246	bin.1
k141_4159	bin.1
k141_6248	bin.1
k141_8244	bin.1
k141_8245	bin.1
k141_4162	bin.1
k141_8247	bin.1
k141_1896	bin.1
k141_1898	bin.1
k141_8251	bin.1
k141_8253	bin.1
k141_1903	bin.1
k141_1904	bin.1
k141_8258	bin.1
k141_1910	bin.1
k141_8259	bin.1
k141_8261	bin.1
k141_1917	bin.1
k141_8265	bin.1
k141_1918	bin.1
k141_1920	bin.1
k141_8272	bin.1
k141_1922	bin.1
k141_1924	bin.1
k141_8276	bin.1
k141_1925	bin.1
k141_1927	bin.1
k141_8278	bin.1
k141_1930	bin.1
k141_8279	bin.1
k141_1931	bin.1
k141_8285	bin.1
k141_1933	bin.1
k141_1934	bin.1
k141_1936	bin.1
k141_8290	bin.1
k141_1937	bin.1
k141_8291	bin.1
k141_8292	bin.1
k141_1941	bin.1
k141_8293	bin.1
k141_1950	bin.1
k141_1954	bin.1
k141_1955	bin.1
k141_1956	bin.1
k141_1957	bin.1
k141_1962	bin.1
k141_1973	bin.1
k141_1976	bin.1
k141_1986	bin.1
k141_1990	bin.1
k141_2000	bin.1
k141_2005	bin.1
k141_2007	bin.1
k141_2008	bin.1
k141_2009	bin.1
k141_2016	bin.1
k141_2018	bin.1
k141_2022	bin.1
k141_2025	bin.1
k141_2027	bin.1
k141_2033	bin.1
k141_2036	bin.1
k141_2037	bin.1
k141_2040	bin.1
k141_2043	bin.1
k141_2047	bin.1
k141_2048	bin.1
k141_2050	bin.1
k141_2066	bin.1
k141_2071	bin.1
k141_2073	bin.1
k141_2074	bin.1
k141_2076	bin.1
k141_2080	bin.1
k141_2081	bin.1
