bin.002Ωk141_7258_2	UniRef100_D0LKL7~K03296	56.9	1173	474	8	5	1153	14	1178	0.0	1143
bin.002Ωk141_5173_2	UniRef100_Q314D8~K02316	39.3	1101	642	11	22	1107	11	1100	8.72e-260	769
bin.002Ωk141_3189_2	UniRef100_A0A1D7QCP6~K11942	61.8	964	322	7	21	966	10	945	0.0	1145
bin.002Ωk141_8204_2	UniRef100_A0LA77~K07678	35.9	811	468	22	12	810	6	776	2.70e-119	392
bin.002Ωk141_6035_2	UniRef100_A0A0A7EDN7~K03580	41.3	923	508	15	2	905	55	962	2.63e-211	632
bin.002Ωk141_1617_2	UniRef100_A0A0Q8CPB5~K07678	32.1	935	528	23	26	896	24	915	2.55e-101	342
bin.002Ωk141_7748_1	UniRef100_I3YEW5~K03169	50.9	864	383	8	3	840	4	852	2.03e-280	803
bin.002Ωk141_3804_1	UniRef100_A0A143BGP4~K02014	32.3	867	498	19	10	830	10	833	2.69e-105	349
bin.002Ωk141_5068_2	UniRef100_C6E8Q3~K00184	32.8	838	487	21	3	827	192	966	1.34e-109	364
bin.002Ωk141_6971_2	UniRef100_F0KKQ2~K03043	53.3	854	294	5	1	802	42	842	6.53e-288	820
bin.002Ωk141_1552_1	UniRef100_A0A0S2SJR2~K02470	54.5	803	350	6	8	800	6	803	1.46e-295	837
bin.002Ωk141_276_2	UniRef100_A0A143PRI0~K07277	30.9	818	463	20	47	791	73	861	1.72e-106	352
bin.002Ωk141_3238_2	UniRef100_A0A150P5B8~K01886	58.3	769	312	7	18	779	17	783	1.06e-305	862
bin.002Ωk141_2430_2	UniRef100_A2U2P9~K16091	46.5	718	367	9	60	768	34	743	2.64e-212	622
bin.002Ωk141_7171_1	UniRef100_A0A167G834~K12132	32.2	762	483	15	1	744	91	836	1.89e-89	306
bin.002Ωk141_5076_3	UniRef100_Q029J7~K00951	43.9	719	394	3	26	740	27	740	2.54e-213	623
bin.002Ωk141_2166_2	UniRef100_D8K2Z0~K03581	45.1	720	388	4	12	727	12	728	1.22e-204	601
bin.002Ωk141_6752_1	UniRef100_A0A0G2ZQ23~K16055	42.8	706	388	6	3	704	27	720	5.86e-186	552
bin.002Ωk141_1626_3	UniRef100_E1R3P6~K03407	30.3	765	479	11	1	723	100	852	2.47e-103	342
bin.002Ωk141_8035_4	UniRef100_A0A0U5B196~K06147	34.4	710	463	3	2	710	1	708	5.33e-126	397
bin.002Ωk141_5421_1	UniRef100_D5C0Z8~K02014	30.1	698	402	23	40	711	42	679	4.91e-61	224
bin.002Ωk141_7629_1	UniRef100_C7RA17~K01278	54.2	716	321	3	1	713	52	763	2.41e-291	822
bin.002Ωk141_7353_6	UniRef100_A0A222SH23~K15987	62.8	707	238	9	7	709	7	692	1.03e-276	781
bin.002Ωk141_2767_2	UniRef100_A0LJL6~K13598	30.8	720	448	15	22	708	38	740	9.21e-82	281
bin.002Ωk141_275_1	UniRef100_L0EFX4~K01869	61.0	707	237	6	1	705	102	771	6.60e-316	885
bin.002Ωk141_3327_1	UniRef100_A0A126T5E8~K11904	30.5	596	322	15	26	589	20	555	1.77e-71	251
bin.002Ωk141_1442_5	UniRef100_G2LHG1~K07516	51.0	690	322	8	5	684	2	685	8.29e-227	657
bin.002Ωk141_1022_2	UniRef100_F0SFT0~K03654	48.0	612	299	6	79	682	1	601	6.67e-189	558
bin.002Ωk141_6246_2	UniRef100_I6YU08~K03797	44.6	615	331	4	21	635	29	633	2.59e-163	491
bin.002Ωk141_4099_3	UniRef100_E1X373~K02355	64.5	699	222	5	4	680	7	701	1.08e-309	865
bin.002Ωk141_4761_3	UniRef100_A0A0H4VK17~K07386	48.3	642	332	0	33	674	57	698	1.98e-223	645
bin.002Ωk141_3215_2	UniRef100_D0LZB6~K00615	60.7	659	254	3	12	666	8	665	1.52e-278	784
bin.002Ωk141_3787_1	UniRef100_A0A1Y0IQV4~K01400	32.0	578	329	20	86	640	32	568	2.51e-55	204
bin.002Ωk141_5642_3	UniRef100_A0A1L3GRA2~K03702	61.4	664	255	1	1	663	1	664	1.74e-283	796
bin.002Ωk141_7280_1	UniRef100_A0A0S2HZI8~K02014	31.2	702	424	14	1	661	83	766	4.31e-97	321
bin.002Ωk141_5481_2	UniRef100_C9R871~K01662	46.0	628	322	8	4	630	1	612	5.25e-178	526
bin.002Ωk141_8170_2	UniRef100_M1PCP4~K02621	52.8	629	289	4	4	625	7	634	9.32e-226	649
bin.002Ωk141_8204_1	UniRef100_I3Y8L3~K02014	37.0	640	352	16	26	625	13	641	1.01e-110	353
bin.002Ωk141_5696_6	UniRef100_A0A223DW95~K19421	41.1	540	299	9	68	601	61	587	2.34e-121	379
bin.002Ωk141_6088_1	UniRef100_G2LGD0~K04043	67.9	633	196	2	1	631	1	628	8.38e-287	801
bin.002Ωk141_221_10	UniRef100_E1QHX3~K06907	54.4	614	174	2	1	614	1	508	1.00e-227	646
bin.002Ωk141_7385_4	UniRef100_F8EIE4~K04773	37.4	575	321	12	61	618	33	585	5.65e-95	309
bin.002Ωk141_1040_1	UniRef100_M4NLD3~K06147	65.7	597	200	1	27	618	19	615	5.86e-272	763
bin.002Ωk141_3760_4	UniRef100_D5H1T9~K03657	39.3	639	352	11	1	614	121	748	2.65e-133	413
bin.002Ωk141_2765_3	UniRef100_I0ICN3~K00381	46.8	649	282	11	7	603	8	645	4.41e-190	556
bin.002Ωk141_3650_2	UniRef100_I0I4D6~K01868	49.9	613	275	5	11	607	14	610	9.64e-203	586
bin.002Ωk141_7937_1	UniRef100_A0A1U9N862~K02014	30.7	610	389	14	4	597	11	602	3.71e-63	226
bin.002Ωk141_2705_3	UniRef100_W0RM89~K00820	53.0	608	285	1	1	608	1	607	3.76e-219	628
bin.002Ωk141_4506_6	UniRef100_R0GTH3~K01254	37.4	618	350	8	16	606	5	612	2.96e-133	409
bin.002Ωk141_7677_1	UniRef100_W5WYJ0~K01887	37.5	602	251	5	2	602	105	582	7.90e-129	396
bin.002Ωk141_187_2	UniRef100_A0A143PV81~K03596	65.2	597	208	0	3	599	1	597	4.82e-287	800
bin.002Ωk141_1633_1	UniRef100_A0A0S2K8M7~K02014	30.2	580	349	15	23	580	16	561	2.53e-63	226
bin.002Ωk141_7453_2	UniRef100_F4LRS1~K08483	41.4	582	326	7	4	580	2	573	9.36e-145	436
bin.002Ωk141_507_2	UniRef100_A0A250B6L8~K11904	31.1	595	376	9	31	598	25	612	1.50e-72	251
bin.002Ωk141_3227_2	UniRef100_H9UKK9~K02584	31.8	576	317	16	31	595	6	516	3.12e-73	249
bin.002Ωk141_2101_5	UniRef100_D5MJH7~K02454	50.8	567	267	6	35	594	10	571	6.19e-191	554
bin.002Ωk141_6793_2	UniRef100_A0A1X9NIH7~K20035	40.0	582	328	7	1	572	1	571	2.88e-137	417
bin.002Ωk141_1352_1	UniRef100_M4RI53~K02014	31.7	580	338	13	18	588	24	554	1.72e-71	248
bin.002Ωk141_7259_2	UniRef100_A0A0A0NQB5~K06978	30.6	576	347	16	21	558	10	570	5.91e-54	199
bin.002Ωk141_7754_1	UniRef100_A0A143PUX2~K02652	64.4	579	198	2	14	585	4	581	3.24e-262	735
bin.002Ωk141_6920_1	UniRef100_C1F1D9~K03086	53.5	581	237	6	2	580	46	595	1.89e-184	538
bin.002Ωk141_6413_1	UniRef100_A4FC61~K02337	40.6	540	299	9	58	577	42	579	5.32e-113	356
bin.002Ωk141_7210_2	UniRef100_A0A1L3GNV9~K13599	33.3	571	247	7	13	577	4	446	9.56e-84	274
bin.002Ωk141_3985_2	UniRef100_Q2IQ35~K00129	43.2	562	313	4	19	577	8	566	8.71e-155	461
bin.002Ωk141_7577_2	UniRef100_C1A4E0~K01961	44.6	466	234	5	11	475	4	446	1.37e-126	385
bin.002Ωk141_6976_2	UniRef100_B6IPM0~K01895	65.1	570	194	2	1	570	81	645	8.23e-280	782
bin.002Ωk141_630_2	UniRef100_A0A250JJA9~K07712	43.9	517	284	5	37	548	24	539	3.75e-128	392
bin.002Ωk141_7172_3	UniRef100_A0A0X8WY65~K00937	50.2	532	244	7	25	539	4	531	4.52e-166	488
bin.002Ωk141_6276_3	UniRef100_A0A0U2JK00~K12266	33.7	493	280	12	77	561	52	505	1.34e-62	220
bin.002Ωk141_1407_1	UniRef100_Q1QV87~K11896	30.7	600	355	24	9	563	8	591	6.74e-53	196
bin.002Ωk141_3717_1	UniRef100_A5D637~K03723	48.9	519	265	0	4	522	6	524	1.22e-167	494
bin.002Ωk141_4959_6	UniRef100_A0A0B5FIN8~K02038	49.6	526	255	4	44	560	8	532	3.11e-158	468
bin.002Ωk141_7050_2	UniRef100_A0A0K2RRJ9~K03070	55.5	564	239	4	8	559	7	570	5.88e-205	589
bin.002Ωk141_6547_1	UniRef100_A0A0M4LFH1~K06020	60.5	555	217	1	4	558	3	555	1.28e-240	678
bin.002Ωk141_4640_2	UniRef100_A0A0H3A6Z2~K06400	37.5	509	272	8	17	492	5	500	3.07e-94	303
bin.002Ωk141_6380_2	UniRef100_M4ZQF4~K03217	30.1	501	289	15	86	555	64	534	1.38e-59	213
bin.002Ωk141_5540_2	UniRef100_A0A291RNW3~K12574	36.2	538	332	7	12	540	125	660	7.91e-98	317
bin.002Ωk141_2726_3	UniRef100_B5EFY7~K03631	37.2	565	317	12	1	544	1	548	9.32e-88	287
bin.002Ωk141_7276_2	UniRef100_A0A0C5V7T3~K06159	41.8	531	305	1	18	544	18	548	1.05e-134	408
bin.002Ωk141_1957_1	UniRef100_A0A0K2RJP8~K03696	43.1	562	295	5	1	544	1	555	1.40e-146	440
bin.002Ωk141_4040_4	UniRef100_Q9KCX3~K03317	42.3	437	213	9	105	538	4	404	2.43e-95	301
bin.002Ωk141_4524_6	UniRef100_A0A109QJE5~K01897	31.0	510	304	15	30	521	13	492	1.09e-62	219
bin.002Ωk141_5157_2	UniRef100_A0A150PUG5~K06160	44.3	521	281	4	2	521	29	541	1.12e-138	417
bin.002Ωk141_1344_5	UniRef100_A0A286NV97~K01649	64.4	497	175	2	17	512	8	503	5.16e-224	634
bin.002Ωk141_639_1	UniRef100_C3KQD1~K17686	63.8	475	167	4	10	481	25	497	2.03e-194	558
bin.002Ωk141_2166_11	UniRef100_Q310B4~K06400	40.0	510	283	7	17	517	15	510	7.57e-109	340
bin.002Ωk141_2459_3	UniRef100_A0A0G3YW61~K00602	53.3	527	235	5	5	527	2	521	3.03e-178	517
bin.002Ωk141_4726_2	UniRef100_A0A1P8WEV0~K03307	59.0	520	197	5	1	506	1	518	3.01e-203	581
bin.002Ωk141_5515_1	UniRef100_A0A1L3GEV7~K16092	33.2	530	333	11	11	526	8	530	1.42e-78	265
bin.002Ωk141_4544_2	UniRef100_E6V472~K11089	55.6	522	223	4	1	518	1	517	4.12e-195	560
bin.002Ωk141_5642_1	UniRef100_Q01P25~K01585	47.2	515	270	2	2	516	121	633	1.86e-171	504
bin.002Ωk141_436_2	UniRef100_A6UYD3~K01754	61.7	499	191	0	6	504	5	503	2.96e-218	618
bin.002Ωk141_822_3	UniRef100_D0MFP8~K01951	60.2	520	195	3	6	514	4	522	4.15e-222	628
bin.002Ωk141_7232_1	UniRef100_G8QP58~K12132	32.4	438	271	10	38	466	8	429	3.56e-52	189
bin.002Ωk141_590_1	UniRef100_A0M7G2~K00786	37.8	439	256	7	55	482	49	481	8.75e-94	299
bin.002Ωk141_7180_1	UniRef100_B9JZJ6~K03820	31.8	447	243	23	35	443	50	472	1.97e-32	136
bin.002Ωk141_3651_2	UniRef100_B9LZ86~K02111	68.7	502	157	0	1	502	1	502	2.98e-253	706
bin.002Ωk141_7736_1	UniRef100_A0A0H3A6Z2~K06400	38.3	494	265	7	23	490	6	485	1.28e-93	299
bin.002Ωk141_5092_1	UniRef100_A0A0G3ED11~K07058	33.7	433	272	5	58	480	8	435	2.93e-66	226
bin.002Ωk141_8084_2	UniRef100_G7ZE65~K19641	41.2	430	217	4	24	423	9	432	6.43e-92	294
bin.002Ωk141_5772_4	UniRef100_A0A160IIC7~K04567	52.8	496	227	5	1	492	1	493	1.37e-175	508
bin.002Ωk141_819_2	UniRef100_A0A160F4U6~K01712	68.7	498	156	0	1	498	7	504	4.61e-256	715
bin.002Ωk141_712_2	UniRef100_D1AEG1~K19170	63.7	465	168	1	10	474	20	483	1.71e-220	623
bin.002Ωk141_4498_1	UniRef100_C3ZED9~K01594	35.6	416	250	8	21	427	6	412	2.21e-76	253
bin.002Ωk141_7172_2	UniRef100_S6AB25~K01524	44.8	487	267	2	7	492	7	492	5.84e-135	405
bin.002Ωk141_225_3	UniRef100_C9RK10~K03307	52.5	493	219	6	1	483	1	488	1.23e-160	470
bin.002Ωk141_7848_1	UniRef100_I4APF4~K03305	47.6	519	221	7	8	490	25	528	3.62e-151	447
bin.002Ωk141_6547_2	UniRef100_A2SFQ2~K01752	46.2	457	230	7	34	478	3	455	1.26e-112	346
bin.002Ωk141_4969_2	UniRef100_A0A0G3EGM1~K07484	47.1	442	228	3	32	469	28	467	4.91e-119	363
bin.002Ωk141_2804_1	UniRef100_H8MVI7~K01176	43.9	488	229	16	22	476	30	505	2.54e-115	355
bin.002Ωk141_7410_2	UniRef100_I0FDH3~K01873	48.8	492	242	5	2	489	5	490	9.57e-165	481
bin.002Ωk141_1422_2	UniRef100_U3U586~K07678	32.6	427	264	6	4	422	22	432	1.44e-53	192
bin.002Ωk141_7364_1	UniRef100_A0A143B4R4~K02434	55.0	482	217	0	1	482	1	482	2.52e-184	530
bin.002Ωk141_1344_3	UniRef100_A7NJH2~K01703	67.3	471	148	2	19	483	2	472	3.03e-228	640
bin.002Ωk141_5050_3	UniRef100_Q6AJ30~K01338	59.2	473	192	1	11	482	5	477	3.10e-196	560
bin.002Ωk141_877_3	UniRef100_W8ERC7~K10217	60.3	479	190	0	1	479	1	479	1.45e-201	573
bin.002Ωk141_3576_3	UniRef100_Q21H97~K17759&K17758	37.8	490	288	7	4	479	10	496	4.01e-82	268
bin.002Ωk141_4506_2	UniRef100_L0GG79~K22187	62.9	472	175	0	4	475	9	480	1.06e-204	581
bin.002Ωk141_655_1	UniRef100_R0I3S9~K01593	32.7	453	290	5	19	457	1	452	8.44e-81	264
bin.002Ωk141_7184_2	UniRef100_C0QE05~K07484	45.5	431	226	4	24	446	32	461	7.42e-116	356
bin.002Ωk141_7408_1	UniRef100_I4C3D7~K01897	35.6	483	299	5	1	473	1	481	7.81e-104	327
bin.002Ωk141_7562_1	UniRef100_Q2LRM4~K02669	58.7	383	158	0	2	384	15	397	5.00e-151	441
bin.002Ωk141_541_3	UniRef100_W6K6D3~K05568	51.1	474	207	9	7	470	6	464	8.47e-138	414
bin.002Ωk141_1311_1	UniRef100_F2NF29~K08300	45.8	467	248	3	6	468	1	466	1.20e-145	432
bin.002Ωk141_1450_2	UniRef100_A0A286RBY6~K07713	45.3	448	238	2	15	457	23	468	5.05e-131	393
bin.002Ωk141_1619_2	UniRef100_A0A0B5BC14~K13599	51.8	452	206	3	22	461	5	456	6.41e-146	430
bin.002Ωk141_234_5	UniRef100_D0LTP2~K00382	53.4	468	207	6	8	466	9	474	6.30e-158	461
bin.002Ωk141_4232_1	UniRef100_B8BQH0~K10841	31.0	494	289	10	7	460	50	531	3.15e-68	233
bin.002Ωk141_1927_2	UniRef100_D3PD79~K06213	36.6	445	268	6	23	462	16	451	2.46e-75	249
bin.002Ωk141_4153_1	UniRef100_A0A0C4Y6K3~K21023	35.0	460	277	4	15	453	88	546	1.42e-80	265
bin.002Ωk141_763_3	UniRef100_I0I1L5~K01755	45.4	460	250	1	2	460	4	463	5.49e-124	374
bin.002Ωk141_6409_1	UniRef100_A0A120MXT6~K07787	43.4	452	226	6	11	461	2	424	1.63e-118	359
bin.002Ωk141_6786_3	UniRef100_F3YV16~K04771	41.4	442	221	11	10	425	22	451	4.92e-83	270
bin.002Ωk141_206_2	UniRef100_A0A127M4C2~K02454	44.8	487	231	7	8	459	3	486	4.97e-121	368
bin.002Ωk141_770_4	UniRef100_A0A1L3GNV9~K13599	44.2	457	245	4	1	454	1	450	7.01e-121	366
bin.002Ωk141_7460_2	UniRef100_Q3A223~K13599	45.4	456	242	5	1	453	1	452	1.15e-119	363
bin.002Ωk141_6848_1	UniRef100_A2SS01~K03703	38.8	459	268	4	1	459	9	454	1.53e-101	318
bin.002Ωk141_4658_2	UniRef100_A0A076LR41~K07714	44.6	455	246	2	7	456	7	460	3.03e-130	390
bin.002Ωk141_7441_4	UniRef100_U3TRG9~K03168	45.4	452	200	6	1	423	1	434	5.84e-113	348
bin.002Ωk141_1166_1	UniRef100_A0A0D6BBM0~K02666	34.2	424	254	8	36	450	61	468	3.01e-63	218
bin.002Ωk141_1071_1	UniRef100_F0RMG7~K02837	59.3	445	179	2	8	452	6	448	6.76e-185	531
bin.002Ωk141_2900_3	UniRef100_Q1IPQ5~K14441	45.9	484	222	5	2	445	19	502	1.06e-141	421
bin.002Ωk141_4517_1	UniRef100_A0A0M4CX78~K06076	35.2	460	273	9	10	451	6	458	1.42e-79	259
bin.002Ωk141_7297_1	UniRef100_F2LVK8~K01961	59.5	442	179	0	2	443	6	447	9.33e-196	558
bin.002Ωk141_5526_1	UniRef100_F8CIX4~K06871	52.6	441	207	2	4	443	4	443	1.70e-166	483
bin.002Ωk141_1722_2	UniRef100_G2LE80~K06885	43.0	440	233	5	2	435	36	463	6.86e-109	336
bin.002Ωk141_6683_2	UniRef100_A0D363~K04079	32.9	496	269	11	5	445	55	541	1.36e-73	247
bin.002Ωk141_4765_1	UniRef100_H1XNR8~K00528	37.8	444	265	5	3	443	2	437	2.28e-95	300
bin.002Ωk141_7597_3	UniRef100_Q3A6R7~K06027	36.2	442	246	9	17	435	14	442	9.04e-81	263
bin.002Ωk141_3080_2	UniRef100_D7CTV9~K11105	33.6	420	230	17	19	417	17	408	1.93e-31	132
bin.002Ωk141_3960_2	UniRef100_A0A0C5VPU0~K20974	34.0	397	249	5	39	432	29	415	1.38e-63	216
bin.002Ωk141_3912_2	UniRef100_A8ZTY2~K00850	51.4	430	198	4	10	432	12	437	3.08e-148	434
bin.002Ωk141_2357_2	UniRef100_A0A0S3U851~K03327	42.1	420	240	2	7	424	11	429	8.01e-101	313
bin.002Ωk141_1107_2	UniRef100_A6UU02~K12452	56.5	421	182	1	5	425	3	422	1.22e-178	511
bin.002Ωk141_8240_3	UniRef100_D4J0U8~K04066	41.0	432	249	4	2	433	73	498	1.60e-106	330
bin.002Ωk141_1990_2	UniRef100_A0A1A9F205~K01424	34.4	355	205	8	6	355	4	335	3.01e-52	184
bin.002Ωk141_2705_7	UniRef100_A1S257~K03742	45.0	409	225	0	2	410	1	409	3.28e-120	362
bin.002Ωk141_8265_2	UniRef100_A0A143PP95~K02390	40.0	438	228	11	4	429	5	419	1.85e-76	249
bin.002Ωk141_2900_4	UniRef100_G2LDV9~K01893	61.3	434	160	3	4	429	17	450	7.35e-188	535
bin.002Ωk141_772_2	UniRef100_Q984A4~K06954	32.2	407	254	11	3	401	10	402	9.49e-46	170
bin.002Ωk141_6826_4	UniRef100_D8TNA2~K17732	32.9	425	268	6	4	413	61	483	1.60e-59	207
bin.002Ωk141_2705_5	UniRef100_Q31H60~K03309	48.5	421	202	6	8	424	2	411	1.06e-114	348
bin.002Ωk141_5850_3	UniRef100_A0A1D9BGG2~K02492	32.3	393	242	9	33	416	33	410	5.28e-41	156
bin.002Ωk141_5552_2	UniRef100_A0A1D9H9J1~K00362	45.1	401	215	2	2	402	5	400	2.32e-113	344
bin.002Ωk141_2528_1	UniRef100_I7C0Q8~K03695	42.2	396	217	5	33	425	3	389	2.79e-88	280
bin.002Ωk141_6259_2	UniRef100_H6PAE7~K03699	30.4	451	249	18	1	406	1	431	5.98e-38	149
bin.002Ωk141_43_2	UniRef100_B2A3F6~K00986	54.3	416	190	0	9	424	2	417	4.38e-155	451
bin.002Ωk141_1566_2	UniRef100_I4C9K9~K02584	62.9	426	158	0	1	426	96	521	7.30e-185	530
bin.002Ωk141_1232_15	UniRef100_Q310G6~K06905	59.7	414	167	0	6	419	7	420	7.14e-177	506
bin.002Ωk141_926_2	UniRef100_A0A0B5IHF1~K05552	31.8	418	254	11	16	421	4	402	3.49e-39	151
bin.002Ωk141_814_1	UniRef100_A0A1J1EJT2~K08151	30.0	413	251	14	20	421	56	441	1.78e-19	97.1
bin.002Ωk141_763_4	UniRef100_D1CA16~K01940	59.3	408	163	2	1	406	1	407	8.52e-180	513
bin.002Ωk141_5092_2	UniRef100_I0HYI0~K00021	62.9	421	154	2	3	422	5	424	2.55e-182	523
bin.002Ωk141_6104_1	UniRef100_A0A1U7RZH0~K00485	32.1	365	224	10	1	345	34	394	1.99e-51	183
bin.002Ωk141_5458_1	UniRef100_A0A0S2DI04~K08604	54.1	425	173	7	16	421	5	426	1.20e-137	409
bin.002Ωk141_3087_1	UniRef100_A9I488~K03585	30.0	360	199	12	60	416	59	368	4.95e-26	114
bin.002Ωk141_1940_1	UniRef100_Q6AJ30~K01338	59.4	419	151	2	1	418	23	423	8.94e-171	493
bin.002Ωk141_2810_3	UniRef100_A0A143PUU8~K03628	78.6	416	89	0	1	416	92	507	7.99e-234	653
bin.002Ωk141_3877_1	UniRef100_A2SBU2~K12132	33.2	352	179	12	12	354	34	338	1.80e-33	134
bin.002Ωk141_6671_5	UniRef100_A0A0S2HXX0~K02004	48.6	416	214	0	1	416	1	416	1.07e-141	416
bin.002Ωk141_192_1	UniRef100_A0A250JFV9~K05994	50.2	404	189	8	9	408	10	405	8.85e-120	360
bin.002Ωk141_864_2	UniRef100_Q1ITU1~K02669	68.1	367	117	0	1	367	1	367	7.37e-175	499
bin.002Ωk141_6671_4	UniRef100_I4AL51~K02004	45.9	416	219	2	4	414	5	419	1.52e-123	370
bin.002Ωk141_578_1	UniRef100_A0A0D2LBS6~K02355	45.6	386	208	2	11	394	1	386	2.85e-113	343
bin.002Ωk141_2037_2	UniRef100_C0QUD4~K09458	57.6	410	172	1	1	408	1	410	3.47e-165	475
bin.002Ωk141_5296_2	UniRef100_A0A1Q2MB82~K02004	50.5	412	198	2	4	409	6	417	1.13e-126	377
bin.002Ωk141_6971_1	UniRef100_C6V5G3~K03046	67.2	357	115	2	15	370	16	371	9.06e-167	479
bin.002Ωk141_3796_4	UniRef100_A0A0C5X4F4~K00652	48.1	362	186	2	34	395	13	372	1.81e-97	301
bin.002Ωk141_4441_3	UniRef100_A0A1Z4BXP4~K05946	31.0	352	228	3	52	402	1	338	3.40e-49	177
bin.002Ωk141_4376_1	UniRef100_A0A0K2RE37~K03466	44.3	397	204	4	1	393	64	447	6.12e-114	347
bin.002Ωk141_5951_1	UniRef100_K0D083~K06969	40.0	403	226	9	6	401	4	397	4.54e-86	273
bin.002Ωk141_653_1	UniRef100_A0A0G3GUA4~K12583	31.5	362	235	5	15	373	3	354	2.66e-48	174
bin.002Ωk141_2166_15	UniRef100_G2LGS9~K02653	33.7	353	232	1	1	351	1	353	3.01e-61	209
bin.002Ωk141_1745_4	UniRef100_H1XQA8~K05830	49.9	381	191	0	16	396	5	385	1.50e-125	373
bin.002Ωk141_1609_1	UniRef100_Q8YRN8~K06926	33.3	424	246	11	1	401	1	410	5.05e-59	204
bin.002Ωk141_7117_2	UniRef100_Q2RG67~K01940	45.2	341	180	4	2	336	10	349	6.92e-93	290
bin.002Ωk141_2307_2	UniRef100_C9XY55~K05820	30.5	351	227	12	1	342	9	351	6.41e-31	127
bin.002Ωk141_3015_2	UniRef100_H1XWP3~K00641	54.4	371	144	4	36	390	8	369	2.19e-135	397
bin.002Ωk141_2101_3	UniRef100_T0I5J3~K00773	56.2	365	159	1	3	366	5	369	1.32e-146	426
bin.002Ωk141_7515_3	UniRef100_B1XNI9~K09919	49.1	371	187	2	7	376	11	380	4.42e-130	385
bin.002Ωk141_3780_3	UniRef100_E6W252~K02358	80.5	395	76	1	1	394	1	395	9.52e-232	642
bin.002Ωk141_701_1	UniRef100_E1X0A1~K08303	34.5	388	233	8	15	386	8	390	8.98e-58	199
bin.002Ωk141_715_2	UniRef100_L0GPH0~K21019	36.0	361	209	7	35	382	19	370	4.05e-48	173
bin.002Ωk141_7169_4	UniRef100_I0AKH9~K00252	63.4	382	138	2	9	389	8	388	5.22e-175	498
bin.002Ωk141_2805_1	UniRef100_A0A0E3MJD2~K00681	31.4	347	222	5	30	369	20	357	6.63e-44	162
bin.002Ωk141_5993_1	UniRef100_A0A1B2I9R6~K03308	39.0	385	191	13	1	377	74	422	5.46e-56	195
bin.002Ωk141_1543_2	UniRef100_K9VLZ8~K01921	44.9	350	192	1	4	353	25	373	8.18e-96	297
bin.002Ωk141_4506_4	UniRef100_A0A0B5FSX8~K00927	57.1	389	159	1	5	385	6	394	7.02e-150	435
bin.002Ωk141_194_3	UniRef100_A9B506~K09471	33.8	394	227	10	4	387	5	374	3.10e-46	168
bin.002Ωk141_4106_2	UniRef100_Q15XD8~K01173	53.3	390	171	3	1	386	37	419	2.27e-139	409
bin.002Ωk141_3803_2	UniRef100_A0LM53~K19124	37.3	362	188	9	1	338	1	347	5.49e-54	189
bin.002Ωk141_4129_1	UniRef100_L7UAR8~K02343	48.8	363	178	4	1	360	5	362	1.63e-104	320
bin.002Ωk141_3912_1	UniRef100_G2LIW9~K00099	48.7	382	194	2	1	380	1	382	6.72e-112	338
bin.002Ωk141_2181_2	UniRef100_A0A193LLJ1~K10778	54.0	339	154	1	44	382	12	348	1.53e-118	353
bin.002Ωk141_6088_2	UniRef100_D5ML00~K03686	44.7	387	181	6	4	380	5	368	3.16e-100	307
bin.002Ωk141_67_2	UniRef100_Q24NM5~K07497	49.1	334	164	2	1	328	18	351	3.21e-104	317
bin.002Ωk141_7690_1	UniRef100_A0A0E3UZ29~K13745	49.1	389	187	4	1	384	52	434	3.38e-128	382
bin.002Ωk141_3456_2	UniRef100_A0A160MF85~K00566	56.6	364	155	2	10	371	2	364	1.43e-144	420
bin.002Ωk141_1071_2	UniRef100_B4GV69~K06184	32.9	383	230	7	16	382	54	425	1.96e-39	151
bin.002Ωk141_1053_2	UniRef100_I6Z8Y4~K00324	51.7	381	183	1	1	380	1	381	3.45e-125	371
bin.002Ωk141_6577_2	UniRef100_C1DTX2~K11749	31.6	364	232	7	17	374	87	439	1.30e-52	186
bin.002Ωk141_7754_2	UniRef100_Q1IRV7~K02669	70.4	358	106	0	1	358	1	358	1.22e-181	514
bin.002Ωk141_732_4	UniRef100_T2GDR7~K07315	46.4	375	183	3	14	379	7	372	2.08e-97	300
bin.002Ωk141_2438_3	UniRef100_B1EQS5~K02495	45.0	373	203	2	9	379	85	457	2.20e-98	305
bin.002Ωk141_167_5	UniRef100_A4XVM9~K00249	55.9	374	164	1	3	375	7	380	4.55e-135	396
bin.002Ωk141_4341_2	UniRef100_A0A140E7F2~K15725	37.6	375	233	1	1	375	64	437	1.24e-77	252
bin.002Ωk141_307_1	UniRef100_Q2SC37~K04058	31.6	354	226	6	28	372	46	392	2.03e-40	153
bin.002Ωk141_6176_4	UniRef100_A0A249PAP6~K04042	34.0	382	205	10	22	371	86	452	2.33e-36	143
bin.002Ωk141_883_1	UniRef100_Q2SC37~K04058	30.0	333	229	3	28	356	46	378	2.08e-33	134
bin.002Ωk141_3133_1	UniRef100_I0IL36~K10941	37.7	350	169	8	60	370	6	345	7.53e-59	200
bin.002Ωk141_5218_2	UniRef100_I6ZS88~K00819	62.5	363	136	0	12	374	7	369	8.98e-165	472
bin.002Ωk141_7075_3	UniRef100_A0A1X9MA28~K03575	40.9	357	191	9	7	350	11	360	9.33e-84	265
bin.002Ωk141_309_2	UniRef100_E8WJD4~K02338	36.2	378	228	5	1	371	1	372	4.22e-78	250
bin.002Ωk141_2646_2	UniRef100_A0A223CXS5~K00789	65.6	387	115	3	3	371	5	391	2.59e-177	504
bin.002Ωk141_241_3	UniRef100_A0A1D9LJW8~K13017	50.5	372	171	4	4	372	2	363	7.42e-118	352
bin.002Ωk141_258_1	UniRef100_A0A1U7CRG1~K00425	60.2	374	145	2	1	372	1	372	1.39e-151	440
bin.002Ωk141_8023_1	UniRef100_Q0SMD0~K04562	30.2	324	173	15	1	310	1	285	2.17e-17	88.6
bin.002Ωk141_7258_3	UniRef100_A0A142IS84~K07799	30.4	335	210	6	49	360	49	383	4.88e-29	122
bin.002Ωk141_2199_1	UniRef100_A0A142G2Z7~K01897	57.1	359	148	5	15	370	1	356	1.65e-137	401
bin.002Ωk141_2037_1	UniRef100_A0A1X9N417~K00800	44.8	366	195	4	11	370	6	370	9.94e-87	274
bin.002Ωk141_3377_2	UniRef100_L0FB01~K00605	51.0	361	176	1	8	368	4	363	3.55e-135	395
bin.002Ωk141_5467_1	UniRef100_M4S8E3~K02014	37.6	354	212	4	17	370	36	380	9.72e-58	199
bin.002Ωk141_2510_1	UniRef100_A0A248KL16~K12573	31.1	351	209	11	7	342	22	354	2.28e-28	119
bin.002Ωk141_5263_2	UniRef100_T2GB66~K03544	40.5	348	202	3	15	362	17	359	4.04e-73	238
bin.002Ωk141_4106_1	UniRef100_B9IYU5~K15738	34.2	368	216	8	4	362	57	407	1.91e-44	164
bin.002Ωk141_7959_2	UniRef100_Q97DB0~K01961	58.9	358	146	1	1	357	86	443	2.06e-155	450
bin.002Ωk141_1552_2	UniRef100_E3F303~K02469	54.7	360	163	0	7	366	26	385	1.58e-139	409
bin.002Ωk141_2927_2	UniRef100_A0A094ZRW3~K01756	51.0	339	162	3	23	358	5	342	5.03e-114	342
bin.002Ωk141_1098_2	UniRef100_A0A0K1EMZ4~K12132	33.8	320	179	9	43	338	10	320	2.57e-36	140
bin.002Ωk141_2877_2	UniRef100_I3Y7S3~K07814	53.6	351	162	1	3	352	7	357	7.43e-116	347
bin.002Ωk141_4028_2	UniRef100_D5MLE6~K07315	44.1	356	190	2	4	359	47	393	5.77e-99	304
bin.002Ωk141_7441_3	UniRef100_A0A0G3BGX3~K04096	44.0	366	171	10	16	356	23	379	4.64e-64	214
bin.002Ωk141_911_1	UniRef100_A0A1J0YYJ9~K12573	35.7	294	188	1	11	304	39	331	8.31e-46	165
bin.002Ωk141_7083_2	UniRef100_A0A0N0B971~K01768	36.6	366	203	9	1	347	5	360	6.04e-55	191
bin.002Ωk141_1515_2	UniRef100_A0A125R0G6~K01255	34.4	363	218	7	17	360	17	378	1.36e-54	191
bin.002Ωk141_5744_1	UniRef100_A0A0D5LVV1~K01442	41.9	329	171	6	2	327	28	339	4.46e-77	247
bin.002Ωk141_6135_2	UniRef100_A0A143B7S7~K14170	60.9	353	138	0	5	357	5	357	2.90e-146	423
bin.002Ωk141_777_1	UniRef100_A0A1W5CH73~K00493	34.1	370	218	6	9	356	80	445	1.14e-64	218
bin.002Ωk141_712_1	UniRef100_L0GZM5~K04487	61.5	358	138	0	1	358	1	358	4.45e-150	433
bin.002Ωk141_8126_2	UniRef100_H2G0P4~K03734	42.6	310	166	6	36	338	17	321	2.16e-72	234
bin.002Ωk141_3025_2	UniRef100_B0THC3~K02401	44.3	348	192	2	8	354	16	362	6.41e-79	251
bin.002Ωk141_883_2	UniRef100_Q2SC29~K03229	44.5	348	192	1	1	348	1	347	6.10e-93	287
bin.002Ωk141_2758_1	UniRef100_A0A192II68~K07716	32.1	327	209	4	1	316	47	371	1.26e-41	155
bin.002Ωk141_6283_1	UniRef100_I4D483~K01046	46.0	361	178	6	2	352	59	412	4.75e-110	333
bin.002Ωk141_1211_2	UniRef100_G8UXG4~K00496	46.4	336	176	3	11	345	47	379	2.20e-104	317
bin.002Ωk141_6313_2	UniRef100_B6IP11~K13590	33.3	324	186	8	45	350	40	351	3.54e-31	127
bin.002Ωk141_2767_4	UniRef100_V9VVC2~K18707	35.5	344	210	4	3	341	81	417	1.26e-58	201
bin.002Ωk141_2519_2	UniRef100_A0A250BFY3~K07497	53.1	324	147	2	18	340	1	320	5.15e-114	340
bin.002Ωk141_5181_1	UniRef100_A0A143PQP8~K02662	50.1	349	168	3	2	348	9	353	9.47e-107	322
bin.002Ωk141_5784_3	UniRef100_A1K6T1~K00273	39.0	367	195	11	1	343	2	363	2.37e-62	209
bin.002Ωk141_5704_3	UniRef100_A0A1L3GFI4~K07001	34.4	291	184	2	6	292	1	288	2.88e-48	171
bin.002Ωk141_2996_1	UniRef100_A0A0H2YMR9~K03230	33.6	339	202	6	14	347	19	339	7.24e-51	178
bin.002Ωk141_1124_1	UniRef100_A5G935~K10716	36.6	325	205	1	21	345	11	334	1.65e-67	221
bin.002Ωk141_5054_1	UniRef100_A0A110AUY2~K00297	41.0	290	159	6	29	311	7	291	3.35e-57	194
bin.002Ωk141_7303_4	UniRef100_E6W659~K02416	49.3	343	154	4	1	342	1	324	4.77e-108	324
bin.002Ωk141_5125_3	UniRef100_Q3B353~K01991	38.4	297	176	4	33	327	52	343	4.94e-69	226
bin.002Ωk141_1931_4	UniRef100_H1XZ14~K07114	41.8	325	182	5	1	322	4	324	1.48e-72	234
bin.002Ωk141_1520_3	UniRef100_U3U6D0~K05515	32.6	340	219	3	9	340	12	349	3.40e-43	158
bin.002Ωk141_6823_2	UniRef100_A0A1E7F5R0~K12501	30.6	327	189	15	14	330	20	318	2.52e-18	90.9
bin.002Ωk141_6647_3	UniRef100_D0MI52~K00057	45.8	330	179	0	2	331	15	344	2.29e-91	283
bin.002Ωk141_2034_2	UniRef100_E3DLP5~K15771	43.0	302	150	5	31	329	22	304	1.45e-78	248
bin.002Ωk141_3553_1	UniRef100_Q1ISL6~K00248	64.1	337	121	0	5	341	54	390	7.35e-151	435
bin.002Ωk141_7601_1	UniRef100_A0A1X9M775~K03076	37.4	342	200	7	4	339	1	334	2.76e-60	204
bin.002Ωk141_8010_3	UniRef100_Q608Q5~K07011	39.4	327	191	3	2	326	3	324	3.40e-70	227
bin.002Ωk141_3561_3	UniRef100_K9NH94~K13007	38.8	294	169	5	1	286	1	291	3.15e-52	181
bin.002Ωk141_5567_1	UniRef100_Q09BA7~K03924	56.2	329	142	1	1	329	9	335	3.46e-127	373
bin.002Ωk141_4726_3	UniRef100_A0A1B1FXC1~K00845	43.3	307	171	3	21	325	4	309	7.42e-83	259
bin.002Ωk141_79_1	UniRef100_C4K364~K02454	50.7	302	143	2	27	328	43	338	1.24e-98	301
bin.002Ωk141_2205_1	UniRef100_K7AJ37~K09696	41.2	328	188	3	9	336	75	397	6.63e-73	236
bin.002Ωk141_8181_2	UniRef100_A0A0C5WYU0~K00428	48.5	297	149	3	42	336	44	338	4.68e-90	278
bin.002Ωk141_861_3	UniRef100_A0A0P0CQI6~K09933	46.8	282	145	3	59	335	22	303	6.54e-82	256
bin.002Ωk141_58_2	UniRef100_A0A290S6B2~K10912	43.5	306	168	2	32	337	10	310	3.15e-72	232
bin.002Ωk141_3796_3	UniRef100_L0G0H4~K01012	64.2	310	111	0	5	314	4	313	4.76e-146	420
bin.002Ωk141_3700_3	UniRef100_A0A1Q2MEA6~K01867	57.8	320	133	1	15	334	2	319	2.93e-134	390
bin.002Ωk141_5409_2	UniRef100_B1GZ35~K01733	65.5	339	112	3	3	336	5	343	2.86e-154	442
bin.002Ωk141_5561_2	UniRef100_F3LK71~K07038	43.4	318	168	6	1	311	1	313	1.78e-71	231
bin.002Ωk141_7297_4	UniRef100_R4SZQ9~K03088	44.7	329	163	8	1	322	71	387	8.77e-65	215
bin.002Ωk141_6547_3	UniRef100_Q602J2~K00030	58.8	335	132	3	1	330	1	334	1.88e-129	379
bin.002Ωk141_4195_2	UniRef100_F7EG91~K04883	52.7	330	156	0	4	333	68	397	2.50e-126	373
bin.002Ωk141_6839_5	UniRef100_A0A1L3MI35~K08678	66.6	305	102	0	18	322	1	305	2.46e-148	425
bin.002Ωk141_2505_1	UniRef100_A4VUH7~K06147	38.2	306	180	4	19	320	15	315	4.82e-61	203
bin.002Ωk141_3542_2	UniRef100_Q6AJ29~K01338	34.1	302	199	0	25	326	21	322	5.19e-54	185
bin.002Ωk141_3530_2	UniRef100_A0A1B1UDH7~K01784	58.2	328	133	3	3	328	2	327	5.95e-129	377
bin.002Ωk141_2740_3	UniRef100_K0E6L6~K00826	54.2	319	143	2	15	330	4	322	7.09e-112	333
bin.002Ωk141_2711_6	UniRef100_A0LPW3~K03733	49.1	291	147	1	39	329	15	304	9.31e-85	263
bin.002Ωk141_309_1	UniRef100_A0A1X9M6S0~K02313	55.3	322	143	1	1	321	8	329	4.12e-122	360
bin.002Ωk141_2548_2	UniRef100_W5WU38~K16171	60.1	323	129	0	1	323	1	323	1.63e-135	393
bin.002Ωk141_5949_1	UniRef100_H8MYE7~K07017	32.7	342	197	8	11	328	14	346	8.15e-48	171
bin.002Ωk141_7914_5	UniRef100_Q1IS93~K03040	60.9	317	120	2	5	320	4	317	6.62e-125	368
bin.002Ωk141_5775_1	UniRef100_G2LG16~K03100	34.9	272	154	8	45	310	16	270	8.92e-39	144
bin.002Ωk141_791_2	UniRef100_A0A0K0XVH2~K03644	57.5	294	122	1	2	292	33	326	2.90e-120	355
bin.002Ωk141_6786_2	UniRef100_A0A0H4QNC0~K18672	36.8	272	163	4	3	269	6	273	1.81e-49	172
bin.002Ωk141_721_4	UniRef100_F8CQ48~K19118	50.6	322	139	8	1	322	1	302	4.94e-96	292
bin.002Ωk141_3691_6	UniRef100_A0A0M5KQF6~K02274	46.4	267	141	2	45	309	1	267	4.24e-83	258
bin.002Ωk141_309_3	UniRef100_I4D001~K03629	32.0	331	216	3	1	322	1	331	1.03e-46	167
bin.002Ωk141_5540_3	UniRef100_Q67LA8~K03924	51.3	308	141	4	15	319	7	308	5.95e-100	302
bin.002Ωk141_2900_5	UniRef100_H1XQY0~K03274	67.2	320	105	0	1	320	1	320	3.24e-160	455
bin.002Ωk141_1931_3	UniRef100_H1XZ13~K07114	40.1	337	178	3	1	319	1	331	1.17e-78	248
bin.002Ωk141_6134_1	UniRef100_A0A0E1E5A4~K11444	32.3	322	182	8	30	320	10	326	2.49e-34	134
bin.002Ωk141_5815_1	UniRef100_A0A1E7YNT1~K10941	42.2	320	165	4	1	314	48	353	3.55e-67	220
bin.002Ωk141_6378_8	UniRef100_F6G842~K04763	45.8	297	159	2	23	319	45	339	2.76e-83	261
bin.002Ωk141_1950_4	UniRef100_A0A1X9U5C1~K09138	48.3	319	149	3	7	316	16	327	1.37e-95	292
bin.002Ωk141_3561_2	UniRef100_A0A0E2SXW0~K19997	40.0	305	168	6	7	309	2	293	3.52e-57	192
bin.002Ωk141_6642_3	UniRef100_A0A1P8TW88~K02031	34.4	259	148	10	6	261	5	244	5.65e-29	118
bin.002Ωk141_5642_5	UniRef100_A0A140EZZ5~K01647	50.3	314	152	3	3	313	50	362	2.78e-102	310
bin.002Ωk141_4728_2	UniRef100_E8R492~K01990	43.8	308	172	1	9	316	34	340	4.19e-83	260
bin.002Ωk141_156_1	UniRef100_D0LM93~K00263	44.3	298	145	5	16	303	14	300	2.43e-67	220
bin.002Ωk141_1751_4	UniRef100_Q74BP1~K00791	41.8	299	172	1	10	308	10	306	1.49e-70	227
bin.002Ωk141_7353_9	UniRef100_Q1IHW0~K00948	62.4	306	114	1	10	314	53	358	2.99e-128	375
bin.002Ωk141_907_2	UniRef100_A0A1D8RVJ0~K02002	43.6	296	165	1	18	313	30	323	6.86e-97	295
bin.002Ωk141_1903_1	UniRef100_E8U7G9~K01655	59.7	310	124	1	7	315	14	323	1.60e-128	377
bin.002Ωk141_5134_1	UniRef100_A0A0F6BIE0~K15894	56.7	312	127	5	1	308	16	323	4.52e-119	351
bin.002Ωk141_3746_1	UniRef100_U5QM72~K03517	64.2	310	110	1	2	311	11	319	1.29e-142	410
bin.002Ωk141_3478_5	UniRef100_A1ALC4~K00604	46.1	310	159	5	2	308	5	309	2.69e-83	259
bin.002Ωk141_1252_2	UniRef100_A0A142YBC3~K01990	46.6	298	156	1	1	298	1	295	4.39e-86	266
bin.002Ωk141_7924_4	UniRef100_A0A0D3D554~K04077	51.2	291	139	2	3	292	1	289	8.03e-96	291
bin.002Ωk141_7654_2	UniRef100_Q6MR15~K02275	42.4	314	168	6	1	309	13	318	9.67e-86	266
bin.002Ωk141_5448_2	UniRef100_A0A126QPM1~K13652	38.5	291	153	5	27	303	11	289	1.63e-49	172
bin.002Ωk141_877_1	UniRef100_A0A1B1Z2Q0~K00797	38.8	286	166	4	19	304	25	301	3.37e-58	195
bin.002Ωk141_2605_1	UniRef100_A0A0G2ZS37~K07017	40.1	327	178	7	2	311	52	377	6.08e-66	217
bin.002Ωk141_350_2	UniRef100_A0A143PWD0~K02257	36.7	286	180	1	25	309	9	294	8.98e-52	178
bin.002Ωk141_2045_1	UniRef100_M4X1X3~K11444	30.1	312	170	8	15	291	14	312	4.98e-29	119
bin.002Ωk141_1562_2	UniRef100_I7GDD4~K02033	31.3	300	187	4	13	302	30	320	1.07e-35	137
bin.002Ωk141_4524_2	UniRef100_A0A0S2TAN3~K00228	68.8	301	93	1	10	309	5	305	1.10e-161	458
bin.002Ωk141_5022_3	UniRef100_Q2SB89~K02049	50.2	309	127	5	6	305	3	293	6.82e-100	301
bin.002Ωk141_6507_5	UniRef100_Q3SUW5~K00986	31.6	301	189	7	14	299	20	318	7.94e-36	137
bin.002Ωk141_5628_1	UniRef100_A4VSK0~K01866	54.6	282	124	2	4	283	2	281	3.18e-108	322
bin.002Ωk141_1329_2	UniRef100_K0C878~K04763	51.8	280	129	4	25	300	22	299	9.30e-84	260
bin.002Ωk141_5410_1	UniRef100_D0LSH1~K03442	40.0	275	165	0	4	278	7	281	7.90e-59	196
bin.002Ωk141_3116_1	UniRef100_H8MRY9~K01920	40.0	305	182	1	1	304	7	311	1.57e-77	244
bin.002Ωk141_503_1	UniRef100_Q39T52~K00912	39.4	284	152	5	1	274	34	307	1.02e-49	174
bin.002Ωk141_1562_3	UniRef100_D3P2Q5~K02034	32.6	273	168	4	41	299	39	309	1.38e-24	107
bin.002Ωk141_4506_3	UniRef100_A0A0K1JWU0~K21062	58.4	296	123	0	4	299	5	300	3.25e-121	355
bin.002Ωk141_8170_3	UniRef100_W8JHQ8~K02470	49.0	249	122	2	60	303	3	251	1.01e-75	238
bin.002Ωk141_5540_1	UniRef100_A3QBA3~K02528	38.0	279	140	4	16	292	11	258	5.53e-47	164
bin.002Ωk141_5460_2	UniRef100_A0A172RWI2~K01923	56.8	285	121	2	11	294	5	288	3.63e-114	337
bin.002Ωk141_3746_2	UniRef100_Q93CP8~K00278	46.2	305	156	3	4	303	7	308	5.43e-83	259
bin.002Ωk141_559_1	UniRef100_Q6MKN4~K22132	59.0	273	107	2	25	297	2	269	6.37e-114	335
bin.002Ωk141_2775_3	UniRef100_A0A060HHQ7~K01990	39.1	299	177	5	1	297	2	297	1.47e-61	203
bin.002Ωk141_1625_2	UniRef100_A0A1C7EBM1~K01754	42.6	298	170	1	4	300	3	300	1.26e-72	232
bin.002Ωk141_5902_1	UniRef100_F4L6K9~K06987	64.6	285	101	0	16	300	15	299	1.34e-130	380
bin.002Ωk141_2910_5	UniRef100_A0A0B5FFB4~K03733	49.3	292	146	2	8	298	14	304	9.45e-82	254
bin.002Ωk141_1576_1	UniRef100_A0A0A1B595~K04763	42.4	288	161	5	9	294	46	330	6.49e-66	215
bin.002Ωk141_7353_1	UniRef100_Q7TUW5~K03495	46.1	310	152	5	3	298	5	313	6.98e-85	265
bin.002Ωk141_2081_2	UniRef100_A0A1D8RZ68~K00797	56.8	280	121	0	12	291	4	283	2.06e-113	334
bin.002Ωk141_7895_1	UniRef100_W8WUT0~K03229	47.5	282	147	1	11	292	68	348	3.22e-82	257
bin.002Ωk141_3590_1	UniRef100_A0A142EPB6~K00457	47.3	296	154	2	1	295	1	295	1.84e-87	271
bin.002Ωk141_4014_1	UniRef100_E4PGQ5~K00325	53.5	282	126	1	9	290	17	293	1.02e-95	290
bin.002Ωk141_3402_2	UniRef100_A0A143PR83~K00772	60.9	284	110	1	7	289	3	286	1.27e-116	342
bin.002Ωk141_3385_2	UniRef100_A0A0T8L7M8~K10674	55.1	292	127	3	3	293	4	292	7.30e-113	333
bin.002Ωk141_161_6	UniRef100_S6BX73~K00830	53.2	282	129	2	16	294	8	289	1.78e-104	313
bin.002Ωk141_6001_2	UniRef100_Q2B8E4~K06976	33.0	291	179	7	1	286	3	282	1.24e-32	127
bin.002Ωk141_5054_2	UniRef100_E1WXL4~K09773	44.2	260	140	3	23	280	10	266	1.28e-68	220
bin.002Ωk141_8245_1	UniRef100_W8R3C5~K00973	68.4	282	89	0	1	282	1	282	1.53e-141	405
bin.002Ωk141_5850_2	UniRef100_F4KWR2~K01749	44.8	290	151	5	2	284	5	292	8.82e-66	213
bin.002Ωk141_5734_2	UniRef100_A0A0D3LEA6~K07301	40.3	273	141	5	20	291	5	256	5.16e-46	163
bin.002Ωk141_7489_2	UniRef100_Q63ZI6~K00485	37.5	253	141	7	16	252	1	252	1.45e-45	160
bin.002Ωk141_5229_1	UniRef100_A0A1B1YRI3~K01425	51.0	288	135	4	7	292	27	310	2.37e-91	280
bin.002Ωk141_1876_1	UniRef100_M9RMQ6~K07497	94.8	291	15	0	1	291	1	291	1.01e-197	550
bin.002Ωk141_5116_1	UniRef100_A7H7R9~K05986	30.5	275	154	10	20	284	25	272	1.18e-25	108
bin.002Ωk141_6917_1	UniRef100_A0A0H3I4A4~K01354	58.3	283	117	1	1	283	53	334	1.23e-117	347
bin.002Ωk141_2713_2	UniRef100_A0A140NH15~K03695	47.4	234	122	1	1	234	1	233	5.35e-53	179
bin.002Ωk141_6176_2	UniRef100_A0A1S6J0H3~K04083	32.8	287	190	2	3	287	2	287	1.65e-48	169
bin.002Ωk141_5616_1	UniRef100_A0A140NM45~K02337	32.5	243	141	5	4	241	6	230	1.20e-28	116
bin.002Ωk141_3166_11	UniRef100_H1XQA4~K05827	62.1	280	106	0	1	280	1	280	4.95e-126	366
bin.002Ωk141_7283_2	UniRef100_A1WZS6~K04761	30.3	277	176	6	1	266	1	271	1.70e-28	117
bin.002Ωk141_551_2	UniRef100_H0PWX4~K12410	55.7	255	113	0	34	288	1	255	1.11e-90	275
bin.002Ωk141_283_2	UniRef100_F6CMH4~K03525	56.5	253	110	0	36	288	1	253	5.48e-98	294
bin.002Ωk141_7303_2	UniRef100_B9MM03~K04562	38.6	267	162	1	2	266	3	269	7.65e-57	190
bin.002Ωk141_6731_1	UniRef100_A0A0K0XUS4~K04765	50.2	255	123	2	37	288	8	261	2.36e-75	236
bin.002Ωk141_5121_4	UniRef100_I0I515~K06969	45.3	287	142	6	11	284	9	293	8.32e-81	251
bin.002Ωk141_2050_2	UniRef100_E6W681~K01878	67.8	276	89	0	1	276	1	276	3.00e-138	397
bin.002Ωk141_1624_2	UniRef100_Q3JCU3~K02016	37.4	257	156	3	29	282	41	295	4.26e-43	155
bin.002Ωk141_3651_3	UniRef100_A0A143PXR5~K02115	48.1	289	146	3	1	285	1	289	7.55e-74	233
bin.002Ωk141_6917_2	UniRef100_C3YQA0~K15537	42.0	269	148	4	3	269	34	296	1.27e-67	218
bin.002Ωk141_666_4	UniRef100_W2TJ92~K02355	45.5	290	146	4	6	285	40	327	2.91e-71	228
bin.002Ωk141_2677_2	UniRef100_A0A077J6Z9~K00074	67.0	282	93	0	1	282	1	282	3.34e-137	394
bin.002Ωk141_107_2	UniRef100_A0A193LJM7~K04763	39.1	281	169	2	6	285	16	295	3.75e-60	199
bin.002Ωk141_6088_4	UniRef100_O67437~K03086	47.9	290	120	1	26	284	8	297	4.56e-77	242
bin.002Ωk141_1107_1	UniRef100_I3V052~K01709	46.4	278	144	4	2	277	48	322	4.97e-74	235
bin.002Ωk141_3215_6	UniRef100_A0A0H2X6Z9~K00683	42.9	259	138	3	20	276	5	255	3.17e-61	200
bin.002Ωk141_7728_9	UniRef100_A0A098AYS4~K01715	38.2	233	139	4	5	236	2	230	3.96e-33	127
bin.002Ωk141_1430_2	UniRef100_D8NH20~K13075	31.0	281	172	5	6	280	16	280	2.24e-33	129
bin.002Ωk141_5540_5	UniRef100_D5XEZ9~K00981	35.6	239	143	5	41	278	34	262	8.29e-37	137
bin.002Ωk141_4555_1	UniRef100_G8NE03~K01055	30.2	252	170	4	25	273	3	251	2.89e-24	104
bin.002Ωk141_2301_2	UniRef100_I0BQM6~K00575	56.4	241	105	0	15	255	10	250	4.30e-92	279
bin.002Ωk141_6176_1	UniRef100_A0A1S3XGC0~K01876	43.1	276	144	4	1	269	24	293	3.17e-70	224
bin.002Ωk141_7169_2	UniRef100_B8DL32~K00575	43.4	279	150	3	5	278	15	290	2.94e-75	237
bin.002Ωk141_2358_1	UniRef100_A0A0H3P0J0~K07641	40.6	229	130	3	52	276	1	227	2.79e-46	160
bin.002Ωk141_2177_1	UniRef100_A0A0U3MSA9~K03650	34.1	276	170	5	10	280	5	273	1.01e-41	151
bin.002Ωk141_877_6	UniRef100_A0A0K2RE47~K00453	48.7	263	135	0	13	275	22	284	6.13e-72	228
bin.002Ωk141_4040_3	UniRef100_I0F5Z1~K03783	53.8	266	122	1	9	274	3	267	2.54e-96	290
bin.002Ωk141_1417_1	UniRef100_E6X155~K01433	58.8	272	112	0	5	276	7	278	4.96e-110	325
bin.002Ωk141_4139_1	UniRef100_A0A143B649~K01963	60.5	276	109	0	1	276	1	276	2.64e-115	338
bin.002Ωk141_3912_4	UniRef100_I9NNH3~K22278	34.1	232	141	4	46	269	40	267	6.19e-39	143
bin.002Ωk141_6827_2	UniRef100_C1A6V5~K08884	35.0	266	166	2	11	276	26	284	8.63e-41	149
bin.002Ωk141_8210_1	UniRef100_K9WBX9~K20074	37.1	251	139	5	25	274	7	239	1.53e-34	130
bin.002Ωk141_5410_3	UniRef100_A0A0F7K3H3~K01142	65.4	269	92	1	1	268	1	269	1.54e-130	376
bin.002Ωk141_4341_4	UniRef100_A0A143PNQ1~K03497	45.3	274	143	2	3	270	2	274	4.50e-76	239
bin.002Ωk141_6220_1	UniRef100_A0A1L6LQE2~K04773	37.9	240	142	1	1	233	2	241	2.35e-42	152
bin.002Ωk141_1745_5	UniRef100_H1XQA7~K05828	55.3	262	117	0	6	267	1	262	5.37e-93	281
bin.002Ωk141_7521_3	UniRef100_C6E4M1~K09769	52.2	255	122	0	10	264	3	257	1.30e-88	270
bin.002Ωk141_1248_4	UniRef100_A0A0U4W4R0~K02886	67.3	272	89	0	1	272	1	272	2.10e-126	366
bin.002Ωk141_870_1	UniRef100_D3FPS5~K03315	37.3	244	137	1	25	268	4	231	1.10e-46	162
bin.002Ωk141_4816_2	UniRef100_B9LZC4~K03551	63.2	272	100	0	1	272	68	339	2.11e-110	328
bin.002Ωk141_2737_2	UniRef100_A0A0C5WQY8~K03442	44.9	247	136	0	18	264	54	300	4.82e-59	196
bin.002Ωk141_4704_2	UniRef100_A0A150PD64~K20074	35.4	257	159	3	18	273	4	254	6.00e-37	137
bin.002Ωk141_3884_1	UniRef100_F6IPE6~K15918	47.8	245	125	1	18	262	14	255	1.63e-71	226
bin.002Ωk141_836_2	UniRef100_A0A1S6F9P0~K10277	36.7	237	138	4	22	251	15	246	6.02e-44	155
bin.002Ωk141_7728_8	UniRef100_Q9ZAU1~K15956	34.5	258	155	8	4	250	19	273	2.67e-17	85.9
bin.002Ωk141_3594_2	UniRef100_B1ZMA5~K02477	38.7	256	148	2	4	258	12	259	1.96e-53	180
bin.002Ωk141_7597_1	UniRef100_Q3A5J3~K02406	43.1	269	146	2	7	269	8	275	6.19e-54	181
bin.002Ωk141_3417_2	UniRef100_Q17WN6~K17103	36.4	217	118	5	10	226	4	200	5.63e-30	118
bin.002Ωk141_3248_2	UniRef100_D6Z081~K03787	42.0	243	133	5	16	253	2	241	1.85e-49	169
bin.002Ωk141_5263_6	UniRef100_Q3A5J4~K02406	42.1	280	151	3	1	269	1	280	9.80e-54	181
bin.002Ωk141_5022_2	UniRef100_A0LP10~K02050	49.2	266	133	2	3	266	13	278	2.74e-76	239
bin.002Ωk141_7024_1	UniRef100_Q6AJV2~K00575	43.3	275	146	3	6	270	4	278	1.02e-73	232
bin.002Ωk141_3370_4	UniRef100_E6W765~K02533	45.7	245	125	2	6	246	18	258	1.31e-67	216
bin.002Ωk141_3154_2	UniRef100_A0A222FJ07~K02030	36.1	230	146	1	20	248	6	235	1.87e-45	159
bin.002Ωk141_6351_1	UniRef100_A0A1G1TR02~K22351	31.1	251	158	7	25	268	32	274	4.37e-36	135
bin.002Ωk141_1745_7	UniRef100_A0A1D7W585~K00145	33.1	284	148	7	13	266	41	312	4.55e-38	141
bin.002Ωk141_3912_6	UniRef100_A0A1I9Y6K7~K09697	53.9	258	118	1	1	258	1	257	4.08e-82	253
bin.002Ωk141_276_1	UniRef100_V4TIH5~K03696	41.8	220	116	3	35	254	1	208	6.56e-49	166
bin.002Ωk141_3651_4	UniRef100_G7L519~K02112	60.1	271	98	3	2	264	19	287	9.30e-106	315
bin.002Ωk141_3188_1	UniRef100_G4NVD8~K15327	58.1	267	109	2	1	264	1	267	9.78e-104	308
bin.002Ωk141_5772_1	UniRef100_B8CWM6~K01591	47.4	270	131	3	3	262	4	272	4.48e-77	241
bin.002Ωk141_7850_3	UniRef100_A0A0B5FS61~K02967	61.9	244	89	1	1	240	1	244	2.33e-108	319
bin.002Ωk141_5657_1	UniRef100_G4Z4M5~K00641	40.8	262	150	2	2	260	32	291	1.32e-58	194
bin.002Ωk141_1172_3	UniRef100_A6SYJ3~K09190	50.4	230	107	3	25	247	33	262	5.17e-72	227
bin.002Ωk141_4321_3	UniRef100_A0A0K1EKN4~K01784	39.0	249	147	2	1	249	59	302	3.42e-58	193
bin.002Ωk141_5448_7	UniRef100_A0A0U2XB02~K06377	47.1	259	137	0	1	259	1	259	6.35e-80	247
bin.002Ωk141_5653_2	UniRef100_Q1IMN0~K13292	35.7	255	158	3	1	250	1	254	2.18e-49	169
bin.002Ωk141_5238_4	UniRef100_A0RGU6~K16216	35.5	248	144	8	3	237	11	255	8.38e-35	131
bin.002Ωk141_877_5	UniRef100_A0A1L3ENK1~K00059	57.0	263	107	3	1	259	1	261	1.13e-90	274
bin.002Ωk141_4959_5	UniRef100_A0A1L3GE60~K02036	69.2	247	76	0	13	259	14	260	1.13e-123	358
bin.002Ωk141_7117_5	UniRef100_A0A0S3QTV3~K01715	61.5	257	99	0	2	258	14	270	3.30e-106	314
bin.002Ωk141_7039_1	UniRef100_A0A0S2SNT4~K03321	70.6	262	74	1	1	259	1	262	2.81e-118	345
bin.002Ωk141_381_2	UniRef100_E6SMQ3~K00175	47.6	231	108	2	20	237	14	244	5.33e-66	212
bin.002Ωk141_4376_2	UniRef100_Q5FVX2~K11147	46.3	244	131	0	12	255	13	256	4.16e-62	201
bin.002Ωk141_2851_2	UniRef100_C1A6K8~K01990	48.0	250	129	1	6	255	1	249	1.38e-73	230
bin.002Ωk141_2765_5	UniRef100_A0A143PKI4~K02303	58.9	258	100	4	1	255	1	255	1.40e-86	264
bin.002Ωk141_585_2	UniRef100_A0A0D5N584~K02392	39.9	258	133	8	1	254	1	240	1.18e-41	148
bin.002Ωk141_6259_1	UniRef100_Q4C0Z9~K19802	33.8	216	132	6	18	223	18	232	2.87e-22	97.8
bin.002Ωk141_6176_5	UniRef100_A0A1C7DQR2~K00208	58.1	253	103	2	3	253	5	256	5.38e-101	300
bin.002Ωk141_1619_1	UniRef100_A0A1Y3PFA6~K07315	30.2	245	165	5	12	252	26	268	8.42e-32	124
bin.002Ωk141_7474_2	UniRef100_Q1DB15~K01092	49.6	244	119	1	8	247	9	252	7.92e-75	234
bin.002Ωk141_324_2	UniRef100_W0RQE6~K02477	40.0	245	141	3	1	244	3	242	5.92e-49	167
bin.002Ωk141_4352_3	UniRef100_A9GB16~K01120	39.5	248	146	2	1	246	1	246	5.88e-57	188
bin.002Ωk141_1835_2	UniRef100_A9A3A1~K00059	32.5	255	161	5	1	251	3	250	1.23e-36	135
bin.002Ωk141_7303_3	UniRef100_E1X4P6~K02405	51.4	243	112	2	10	251	17	254	2.72e-77	240
bin.002Ωk141_179_2	UniRef100_F4LVM3~K20074	34.0	250	141	4	4	246	10	242	4.56e-36	134
bin.002Ωk141_2005_1	UniRef100_A0A212F8Q9~K01885	49.2	248	124	2	7	253	27	273	8.36e-78	242
bin.002Ωk141_3865_2	UniRef100_A0A1Q2HLX3~K01992	47.6	246	124	2	6	251	3	243	5.54e-67	213
bin.002Ωk141_5540_4	UniRef100_A0A143PHE4~K00806	56.2	235	103	0	17	251	19	253	1.22e-93	281
bin.002Ωk141_2833_4	UniRef100_Q3SUJ4~K00986	35.9	220	132	4	31	242	11	229	1.07e-32	125
bin.002Ωk141_577_2	UniRef100_A0A0P9DVZ7~K22205	41.9	241	135	3	1	236	30	270	6.36e-57	188
bin.002Ωk141_2648_3	UniRef100_A0A143BJH3~K02477	38.3	277	137	1	1	243	4	280	8.46e-58	191
bin.002Ωk141_3808_1	UniRef100_A0A1L3JHR7~K02477	30.1	236	162	2	11	246	5	237	2.80e-29	116
bin.002Ωk141_5715_2	UniRef100_F7VIG1~K02231	39.3	211	101	3	36	246	26	209	1.60e-32	124
bin.002Ωk141_3370_5	UniRef100_A0A143B5C4~K00655	39.8	226	134	2	12	237	11	234	2.53e-47	162
bin.002Ωk141_5161_2	UniRef100_A1U6J3~K00799	35.8	232	145	2	6	233	1	232	1.54e-50	171
bin.002Ωk141_4011_3	UniRef100_C8WR09~K03437	32.8	253	141	7	8	243	10	250	1.07e-24	104
bin.002Ωk141_3593_1	UniRef100_S5TW06~K07448	43.8	240	129	3	12	249	4	239	1.13e-53	180
bin.002Ωk141_7082_2	UniRef100_D5MK80~K02066	50.4	244	121	0	6	249	3	246	1.83e-73	229
bin.002Ωk141_1506_3	UniRef100_A0A0E3ZT57~K00059	40.2	251	140	4	1	245	3	249	8.39e-48	164
bin.002Ωk141_4845_3	UniRef100_F0SZV8~K02419	58.9	219	90	0	29	247	32	250	4.50e-82	251
bin.002Ωk141_7207_2	UniRef100_A1TCA2~K07090	56.7	247	104	2	1	245	1	246	1.63e-81	251
bin.002Ωk141_5010_1	UniRef100_A0A088P199~K02483	31.7	208	130	4	10	217	1	196	1.86e-19	90.1
bin.002Ωk141_2334_1	UniRef100_W0BGD5~K01883	50.9	224	109	1	4	226	3	226	3.35e-78	243
bin.002Ωk141_3945_3	UniRef100_A0A0H4W4G7~K03092	40.9	235	136	1	8	242	40	271	8.39e-53	177
bin.002Ωk141_3070_1	UniRef100_A0A089P4S3~K16566	43.2	206	111	4	43	244	41	244	7.36e-44	154
bin.002Ωk141_4506_5	UniRef100_A0A1A9F0H1~K01803	45.7	247	119	7	1	235	2	245	2.92e-51	173
bin.002Ωk141_2037_4	UniRef100_A0A0S3QUV2~K00059	55.8	240	105	1	4	242	2	241	5.30e-88	266
bin.002Ωk141_5804_2	UniRef100_A2C730~K00975	40.3	248	136	6	1	237	1	247	3.08e-43	152
bin.002Ωk141_6940_7	UniRef100_B3QY71~K03969	67.8	233	73	2	2	233	3	234	2.49e-94	282
bin.002Ωk141_4143_3	UniRef100_A0A0X3X9T7~K21744	33.5	218	131	5	4	210	5	219	2.28e-14	76.6
bin.002Ωk141_1502_1	UniRef100_A0A0R3P2R5~K01611	34.5	261	141	9	2	235	8	265	1.01e-35	134
bin.002Ωk141_5309_2	UniRef100_A0A0S3QSD3~K06861	61.8	238	91	0	5	242	1	238	9.18e-102	301
bin.002Ωk141_4153_3	UniRef100_G2NUZ5~K07005	49.3	209	100	1	20	222	11	219	3.63e-68	215
bin.002Ωk141_7175_2	UniRef100_C6W1N3~K15256	48.5	239	122	1	3	240	10	248	2.73e-71	224
bin.002Ωk141_7147_2	UniRef100_A8ZNQ8~K02003	72.0	232	65	0	10	241	22	253	2.78e-113	330
bin.002Ωk141_6448_1	UniRef100_A7I0T7~K02006	32.9	210	127	4	1	196	1	210	9.09e-24	100
bin.002Ωk141_3573_2	UniRef100_A0A0E3UQ20~K06889	65.7	230	79	0	10	239	4	233	2.55e-103	306
bin.002Ωk141_7935_2	UniRef100_A0A223NQU8~K07164	31.6	228	153	3	5	230	9	235	5.63e-08	58.5
bin.002Ωk141_3376_1	UniRef100_A7IE13~K01071	31.6	228	155	1	5	232	40	266	1.71e-33	127
bin.002Ωk141_721_2	UniRef100_E8RAZ8~K19119	46.0	224	112	5	9	230	11	227	1.21e-55	183
bin.002Ωk141_2693_1	UniRef100_W8KRP5~K21020	30.3	228	125	6	13	214	12	231	4.86e-22	97.4
bin.002Ωk141_4683_3	UniRef100_D1C3N0~K02193	42.5	219	120	3	4	218	21	237	1.23e-46	160
bin.002Ωk141_1743_1	UniRef100_Q07UV2~K09807	36.6	202	122	2	40	235	32	233	7.82e-31	119
bin.002Ωk141_1442_4	UniRef100_E1QKM6~K13770	40.6	197	114	2	7	200	16	212	5.72e-45	155
bin.002Ωk141_2797_2	UniRef100_A0A1B1KUS5~K07664	56.7	224	91	2	11	233	10	228	1.69e-90	272
bin.002Ωk141_161_1	UniRef100_G9AAB9~K00355	33.1	248	142	9	1	235	1	237	4.80e-20	91.7
bin.002Ωk141_5412_2	UniRef100_B7KN90~K00806	55.6	232	95	3	1	229	1	227	1.49e-78	241
bin.002Ωk141_2790_3	UniRef100_A0A1V0DIT3~K07668	48.2	226	116	1	8	232	4	229	8.36e-67	211
bin.002Ωk141_1233_2	UniRef100_C0QS23~K00684	53.8	210	95	1	2	209	1	210	3.99e-81	248
bin.002Ωk141_6348_3	UniRef100_Q7NJK9~K06911	60.3	232	91	1	1	232	1	231	4.83e-100	296
bin.002Ωk141_6715_6	UniRef100_G2SJN3~K01952	59.1	232	95	0	1	232	3	234	1.98e-97	289
bin.002Ωk141_2181_4	UniRef100_B3QVS9~K03707	50.2	233	108	3	2	230	1	229	1.30e-78	241
bin.002Ωk141_3883_1	UniRef100_W8H765~K21101	31.4	239	143	7	1	231	1	226	3.15e-25	104
bin.002Ωk141_6863_2	UniRef100_R1GJX7~K14676	37.3	201	118	3	24	220	21	217	8.34e-35	130
bin.002Ωk141_7935_3	UniRef100_K9PZT2~K06997	45.0	202	107	2	33	230	21	222	5.48e-49	166
bin.002Ωk141_5864_2	UniRef100_Q21EN6~K03772	47.0	198	104	1	33	229	36	233	4.73e-60	194
bin.002Ωk141_1518_1	UniRef100_A0A143BP44~K09792	34.7	213	129	4	9	212	8	219	1.99e-22	97.8
bin.002Ωk141_2765_4	UniRef100_A0A068NLC0~K02302	41.4	203	118	1	3	205	2	203	2.23e-50	169
bin.002Ωk141_6671_3	UniRef100_I4AMK3~K02003	71.0	221	64	0	1	221	1	221	5.86e-101	298
bin.002Ωk141_6579_3	UniRef100_H1XNE8~K06920	67.3	217	71	0	3	219	4	220	1.49e-101	299
bin.002Ωk141_7988_2	UniRef100_A0A0M4D1X7~K09812	58.3	218	91	0	1	218	1	218	2.89e-83	253
bin.002Ωk141_770_5	UniRef100_A8ZTL5~K00939	54.0	224	97	2	1	222	1	220	8.05e-79	241
bin.002Ωk141_6908_2	UniRef100_F2NDV4~K07657	60.1	228	91	0	1	228	1	228	5.63e-92	275
bin.002Ωk141_613_3	UniRef100_A0A1J1E264~K12410	52.2	228	108	1	1	228	1	227	4.33e-72	224
bin.002Ωk141_8135_1	UniRef100_C0QJ20~K00350	64.4	202	72	0	26	227	1	202	1.56e-85	258
bin.002Ωk141_6715_3	UniRef100_B2V9G8~K02108	48.0	202	105	0	24	225	3	204	1.73e-66	209
bin.002Ωk141_4467_2	UniRef100_B6IU19~K03969	43.5	216	117	2	1	213	1	214	3.58e-46	158
bin.002Ωk141_2297_1	UniRef100_C3ZI78~K01805	52.1	188	90	0	36	223	2	189	3.52e-64	203
bin.002Ωk141_1934_3	UniRef100_Q4CR40~K01525	35.8	215	131	3	6	213	26	240	1.14e-34	129
bin.002Ωk141_2967_3	UniRef100_D0LHP7~K02483	31.3	198	125	6	2	199	5	191	1.50e-15	79.0
bin.002Ωk141_4744_2	UniRef100_Q2T0N2~K07130	46.8	201	105	2	6	205	6	205	1.83e-51	171
bin.002Ωk141_1751_2	UniRef100_B8E0R5~K10914	43.7	213	119	1	4	215	5	217	7.52e-56	183
bin.002Ωk141_4959_4	UniRef100_A0A143B3H3~K02039	44.9	216	118	1	1	216	1	215	1.60e-50	169
bin.002Ωk141_6947_2	UniRef100_A0A167DKW2~K03088	30.6	183	117	3	16	195	11	186	3.23e-13	72.0
bin.002Ωk141_4683_2	UniRef100_F8E5U1~K02194	32.2	227	150	2	1	224	1	226	1.74e-40	144
bin.002Ωk141_2233_2	UniRef100_Q6KZC4~K00786	40.4	218	127	2	5	221	1	216	8.75e-48	162
bin.002Ωk141_1716_1	UniRef100_U3TZD6~K13979	49.8	211	106	0	4	214	1	211	3.25e-65	206
bin.002Ωk141_7393_1	UniRef100_Q112B9~K11209	72.2	223	62	0	1	223	1	223	6.26e-116	336
bin.002Ωk141_1506_6	UniRef100_G8AXZ4~K21564	38.5	213	128	1	4	213	13	225	1.69e-35	131
bin.002Ωk141_3530_1	UniRef100_A0A0X8JS64~K01091	46.0	215	116	0	6	220	2	216	9.11e-60	192
bin.002Ωk141_7474_1	UniRef100_A8ZTW3~K03630	50.5	216	105	1	3	218	6	219	2.76e-70	219
bin.002Ωk141_7303_1	UniRef100_S5C3C0~K03110&K03646	31.8	198	122	4	25	210	1	197	9.38e-15	76.3
bin.002Ωk141_1266_1	UniRef100_U5Q842~K06949	37.6	218	133	2	1	216	52	268	2.06e-45	157
bin.002Ωk141_3343_3	UniRef100_A0A1B2HMN8~K01990	36.9	198	118	3	25	221	20	211	2.14e-30	118
bin.002Ωk141_7924_3	UniRef100_A0A0U5AZ18~K00762	57.1	203	87	0	12	214	8	210	1.10e-71	223
bin.002Ωk141_5784_2	UniRef100_G8PPS3~K06177	59.0	205	84	0	16	220	5	209	1.41e-79	243
bin.002Ωk141_5448_6	UniRef100_A0A0D5YWZ3~K00573	50.7	221	107	2	1	220	1	220	3.80e-69	216
bin.002Ωk141_5434_2	UniRef100_A0A1A9EWF7~K00799	37.4	195	108	2	3	184	2	195	1.91e-32	122
bin.002Ωk141_770_6	UniRef100_I0H6J6~K09164	34.4	212	130	7	9	212	47	257	3.55e-25	105
bin.002Ωk141_3468_2	UniRef100_A0A023WND1~K07684	40.7	214	126	1	1	213	1	214	8.14e-47	159
bin.002Ωk141_3363_1	UniRef100_A0A0X8WR26~K06147	44.2	224	116	3	1	218	18	238	6.80e-48	163
bin.002Ωk141_6586_2	UniRef100_A0A1V6D4U1~K00876	53.7	214	99	0	1	214	2	215	2.01e-73	227
bin.002Ωk141_234_2	UniRef100_A0A0F7KBB8~K00449	34.7	213	122	9	2	201	4	212	5.88e-24	100
bin.002Ωk141_2357_3	UniRef100_G7V9K0~K22305	32.2	183	121	2	3	184	2	182	4.75e-17	82.4
bin.002Ωk141_4448_2	UniRef100_A0A0F7LJT7~K03226	62.4	213	80	0	6	218	4	216	2.68e-80	244
bin.002Ωk141_2038_2	UniRef100_A4XYT8~K19126	31.5	219	132	6	2	217	1	204	1.14e-22	97.1
bin.002Ωk141_8051_3	UniRef100_I0BEM9~K07696	36.2	218	135	3	4	217	8	225	1.56e-39	141
bin.002Ωk141_7850_4	UniRef100_L0EEG2~K02357	58.4	214	89	0	1	214	1	214	6.54e-83	251
bin.002Ωk141_6747_2	UniRef100_P09672~K05298	43.3	210	116	3	1	209	22	229	5.97e-44	152
bin.002Ωk141_4558_1	UniRef100_F4L6U7~K19271	39.6	202	122	0	4	205	3	204	6.76e-47	159
bin.002Ωk141_164_1	UniRef100_F4GVV4~K00571	55.5	182	80	1	11	192	1	181	1.17e-69	216
bin.002Ωk141_7935_1	UniRef100_B5YK98~K03470	43.7	190	94	4	1	186	18	198	3.36e-38	137
bin.002Ωk141_3816_1	UniRef100_Q81BX2~K03924	37.9	214	127	2	1	214	29	236	5.74e-43	150
bin.002Ωk141_894_1	UniRef100_A0A1L6L5H0~K00798	60.9	207	76	1	11	212	11	217	2.99e-84	254
bin.002Ωk141_4683_1	UniRef100_D3PAR6~K02195	47.5	204	104	1	13	216	16	216	5.07e-62	198
bin.002Ωk141_6095_2	UniRef100_W0SEH4~K06147	55.4	204	91	0	5	208	1	204	2.56e-70	219
bin.002Ωk141_8196_2	UniRef100_A0A0D5YSI8~K01673	61.7	201	75	2	12	212	11	209	1.08e-81	248
bin.002Ωk141_4465_1	UniRef100_B1XL19~K01265	53.8	212	86	3	1	212	40	239	5.16e-75	232
bin.002Ωk141_134_2	UniRef100_C3KD46~K05810	32.5	209	110	8	33	211	28	235	2.12e-16	81.3
bin.002Ωk141_2177_2	UniRef100_I6Z724~K00616	64.8	213	75	0	1	213	1	213	3.52e-98	290
bin.002Ωk141_4718_3	UniRef100_A0A0E3L2Z2~K01990	38.1	210	114	5	8	207	2	205	9.86e-33	123
bin.002Ωk141_2810_5	UniRef100_D4IZ70~K03544	44.3	194	107	1	8	200	1	194	7.78e-50	167
bin.002Ωk141_4363_2	UniRef100_K0N7I1~K00140	37.1	175	108	2	12	184	10	184	7.68e-32	120
bin.002Ωk141_6276_2	UniRef100_D5SXM2~K11175	47.3	201	106	0	6	206	12	212	3.39e-56	183
bin.002Ωk141_1809_2	UniRef100_E1X534~K00761	57.1	205	88	0	3	207	4	208	3.82e-83	251
bin.002Ωk141_3691_5	UniRef100_A0A0B5BIU8~K02276	48.3	180	91	1	28	207	20	197	1.13e-52	173
bin.002Ωk141_7067_1	UniRef100_A0A1L3GIN3~K01356	39.8	196	117	1	3	197	4	199	6.57e-42	146
bin.002Ωk141_791_3	UniRef100_C8X2V1~K01613	46.3	205	104	2	9	207	8	212	7.77e-54	177
bin.002Ωk141_8139_1	UniRef100_A0A076HX86~K01247	51.8	195	89	4	10	200	16	209	5.98e-55	179
bin.002Ωk141_1506_1	UniRef100_C1DN32~K10716	43.7	183	100	2	5	187	7	186	1.09e-44	152
bin.002Ωk141_1144_5	UniRef100_Q5V2M0~K03284	34.4	195	123	2	18	207	11	205	8.84e-34	125
bin.002Ωk141_578_3	UniRef100_E6W710~K02906	59.6	203	82	0	2	204	1	203	5.31e-85	256
bin.002Ωk141_3796_5	UniRef100_A0A0C5XI40~K01935	54.6	196	83	2	6	199	6	197	2.66e-62	198
bin.002Ωk141_7653_1	UniRef100_V9V583~K07497	52.7	205	96	1	1	204	20	224	9.83e-71	220
bin.002Ωk141_1193_3	UniRef100_I6ZT57~K03561	43.9	189	102	2	4	189	3	190	1.15e-42	148
bin.002Ωk141_7253_2	UniRef100_A0A212EZH3~K01183	34.1	173	100	5	8	177	8	169	2.25e-19	87.4
bin.002Ωk141_2810_4	UniRef100_W8TGF9~K03978	44.8	194	106	1	1	193	7	200	8.71e-58	187
bin.002Ωk141_8061_3	UniRef100_A0A220VBW6~K00919	38.8	178	106	2	6	182	9	184	2.24e-25	103
bin.002Ωk141_4910_1	UniRef100_A0A1S6XJN4~K03686	41.1	207	117	4	1	205	46	249	3.14e-51	171
bin.002Ωk141_4129_4	UniRef100_A0A0P0E5W9~K06187	52.1	188	86	1	15	202	14	197	3.97e-64	202
bin.002Ωk141_3753_1	UniRef100_C3THE7~K13051	49.5	194	93	1	10	198	1	194	5.61e-50	166
bin.002Ωk141_5696_7	UniRef100_A0A127A1W8~K00859	47.9	190	96	2	1	187	1	190	1.46e-42	147
bin.002Ωk141_5180_2	UniRef100_A0A0U3N9T7~K15634	44.0	184	102	1	1	183	1	184	1.23e-45	156
bin.002Ωk141_7095_4	UniRef100_A0A0K2RPX0~K01409	39.8	181	93	4	5	173	18	194	2.54e-28	111
bin.002Ωk141_798_2	UniRef100_G7DJ09~K16137	46.6	189	101	0	2	190	4	192	1.01e-54	178
bin.002Ωk141_7098_2	UniRef100_C8VX95~K03412	54.0	189	87	0	7	195	12	200	5.67e-63	199
bin.002Ωk141_2726_1	UniRef100_A0A0M3QGN0~K03562	45.7	197	107	0	5	201	2	198	6.98e-47	159
bin.002Ωk141_547_2	UniRef100_A0A1A9EZB3~K16137	52.1	192	88	1	1	188	19	210	2.43e-62	198
bin.002Ωk141_6246_1	UniRef100_B4EY27~K08279	32.1	165	111	1	12	176	11	174	2.95e-19	87.4
bin.002Ωk141_3400_2	UniRef100_A0A1W6LI79~K16137	42.5	186	106	1	1	186	1	185	4.93e-37	133
bin.002Ωk141_7353_8	UniRef100_A0A1L3GKN2~K02897	37.1	178	112	0	6	183	5	182	4.40e-37	134
bin.002Ωk141_4982_2	UniRef100_B8I824~K03088	41.8	182	98	2	5	186	2	175	1.01e-42	147
bin.002Ωk141_4193_2	UniRef100_C0P3K5~K00162	34.6	191	117	4	12	198	15	201	2.60e-24	100
bin.002Ωk141_2444_1	UniRef100_B9H8V3~K14213	32.7	199	126	5	3	198	11	204	5.00e-24	100
bin.002Ωk141_6348_1	UniRef100_A1WXQ6~K07232	48.0	173	86	1	20	192	22	190	1.05e-52	173
bin.002Ωk141_1248_1	UniRef100_A0A143PSP6~K02982	67.2	198	65	0	1	198	1	198	1.11e-88	265
bin.002Ωk141_7353_7	UniRef100_G2Z9J8~K01056	40.1	187	108	3	3	188	1	184	5.13e-45	153
bin.002Ωk141_7297_2	UniRef100_A0A172TMC1~K00857	46.7	182	95	1	1	182	1	180	6.14e-53	173
bin.002Ωk141_3122_3	UniRef100_A0A160P876~K18912	35.0	223	111	6	4	196	38	256	1.02e-32	124
bin.002Ωk141_234_6	UniRef100_A0A0M9AF65~K03186	50.0	188	90	2	1	188	1	184	3.00e-48	161
bin.002Ωk141_6474_2	UniRef100_A0A220VEN2~K01358	72.4	192	53	0	2	193	3	194	7.46e-98	287
bin.002Ωk141_3506_2	UniRef100_Q2SE76~K09120	56.4	195	85	0	1	195	1	195	3.52e-72	222
bin.002Ωk141_5238_1	UniRef100_G2LIW0~K03088	42.9	175	96	2	7	180	6	177	5.81e-34	125
bin.002Ωk141_809_1	UniRef100_M4U0D4~K07497	56.2	178	78	0	9	186	5	182	7.56e-65	204
bin.002Ωk141_5696_1	UniRef100_A5E1E1~K04077	57.8	185	77	1	2	185	21	205	8.90e-64	201
bin.002Ωk141_7393_2	UniRef100_A0A1D8TWE4~K03923	64.3	182	65	0	1	182	1	182	1.49e-89	266
bin.002Ωk141_7127_3	UniRef100_A0A0E3Q677~K02112	52.9	187	88	0	1	187	12	198	3.77e-66	207
bin.002Ωk141_2648_6	UniRef100_D5ER82~K15876	56.7	157	62	1	14	170	26	176	4.54e-58	186
bin.002Ωk141_4167_2	UniRef100_Q01YC5~K07152	48.4	159	82	0	35	193	20	178	6.14e-45	152
bin.002Ωk141_5951_3	UniRef100_D4IXD2~K00611	59.7	181	72	1	4	183	2	182	2.50e-69	215
bin.002Ωk141_1344_2	UniRef100_E3FDY1~K01704	63.2	190	69	1	1	190	1	189	5.35e-77	234
bin.002Ωk141_2301_3	UniRef100_A0A1Z1F9J8~K03412	45.5	187	98	1	4	190	2	184	1.71e-45	154
bin.002Ωk141_6276_5	UniRef100_A0A172TU30~K03088	38.1	176	108	1	13	188	3	177	8.04e-31	117
bin.002Ωk141_6172_2	UniRef100_G2LDR9~K08681	48.0	179	93	0	2	180	7	185	2.69e-50	166
bin.002Ωk141_3291_2	UniRef100_B7JDK8~K00355	35.9	184	112	4	11	189	9	191	8.28e-33	122
bin.002Ωk141_455_1	UniRef100_F6CI19~K03088	31.2	170	104	6	1	169	6	163	3.76e-10	62.4
bin.002Ωk141_1510_4	UniRef100_A0A023WZP0~K07669	30.3	165	106	3	33	188	4	168	1.47e-09	61.2
bin.002Ωk141_3429_1	UniRef100_K8ERD5~K01657	53.4	174	81	0	1	174	40	213	1.86e-55	180
bin.002Ωk141_3187_2	UniRef100_A0A0U3F3G6~K02650	30.4	161	83	5	1	158	3	137	3.34e-08	56.6
bin.002Ωk141_3866_4	UniRef100_D3DFU3~K01783	49.5	182	92	0	5	186	4	185	3.29e-64	202
bin.002Ωk141_3429_2	UniRef100_A0A0M4NIF4~K01658	62.8	191	66	1	1	186	1	191	6.25e-80	241
bin.002Ωk141_1118_1	UniRef100_A0A0F7LA37~K21528	39.3	178	102	2	6	180	3	177	2.78e-27	107
bin.002Ωk141_1835_3	UniRef100_B1KET8~K16137	63.3	177	62	1	1	174	16	192	1.21e-70	218
bin.002Ωk141_7402_2	UniRef100_A0A1D8TXJ3~K03823	46.7	167	89	0	9	175	12	178	3.14e-49	163
bin.002Ωk141_2435_2	UniRef100_E4THG1~K02838	55.7	185	81	1	1	185	1	184	4.68e-65	203
bin.002Ωk141_1066_1	UniRef100_A0A0E3UZV4~K05595	31.0	168	114	2	8	174	18	184	1.87e-18	84.7
bin.002Ωk141_6313_1	UniRef100_S6BCF8~K03685	48.4	184	90	2	1	184	2	180	4.96e-45	154
bin.002Ωk141_1716_3	UniRef100_M4VEJ7~K15256	32.9	173	115	1	1	173	24	195	6.31e-32	119
bin.002Ωk141_7625_2	UniRef100_A0A1P8R4M5~K09167	34.1	170	99	6	12	175	4	166	2.07e-16	79.0
bin.002Ωk141_5530_3	UniRef100_B8CWM2~K02825	47.3	150	79	0	19	168	21	170	4.66e-42	145
bin.002Ωk141_590_3	UniRef100_I7A471~K03088	40.0	160	94	1	1	160	31	188	4.24e-31	117
bin.002Ωk141_4489_2	UniRef100_D3RS72~K08296	44.0	166	93	0	1	166	1	166	3.12e-41	142
bin.002Ωk141_3945_2	UniRef100_E6W109~K05808	35.1	188	113	2	1	181	1	186	2.87e-32	120
bin.002Ωk141_731_2	UniRef100_A7HCA3~K04756	48.5	171	86	1	7	177	2	170	4.33e-50	165
bin.002Ωk141_2726_4	UniRef100_K7SPH6~K10563	35.7	185	111	3	4	180	44	228	7.74e-26	104
bin.002Ωk141_6490_1	UniRef100_A0A220VGC9~K14979	32.2	177	115	2	2	178	33	204	1.33e-21	93.2
bin.002Ωk141_194_2	UniRef100_M4VRL5~K13288	47.7	176	86	1	10	179	5	180	1.27e-49	164
bin.002Ωk141_3803_1	UniRef100_A0A1U9LJB8~K19125	30.5	177	96	6	18	175	6	174	1.94e-08	58.2
bin.002Ωk141_7624_2	UniRef100_A0A0D3L9Q2~K07305	52.8	159	75	0	17	175	6	164	8.29e-54	174
bin.002Ωk141_6743_3	UniRef100_A0A0M3QG30~K03640	44.6	177	76	4	2	174	4	162	3.10e-37	132
bin.002Ωk141_1506_2	UniRef100_A0A1Y0RI76~K06966	30.4	171	91	7	9	172	5	154	5.34e-07	53.5
bin.002Ωk141_7490_1	UniRef100_A0A126PBB3~K03321	32.6	175	117	1	3	177	11	184	3.74e-21	91.7
bin.002Ωk141_731_3	UniRef100_A0A0F6SEK8~K03386	76.1	176	42	0	1	176	1	176	3.59e-100	292
bin.002Ωk141_2705_6	UniRef100_A0A088U377~K01790	59.1	176	71	1	1	175	1	176	3.87e-71	218
bin.002Ωk141_8069_2	UniRef100_A0A2G5X9L2~K07692	31.3	182	114	2	6	177	1	181	4.51e-17	81.6
bin.002Ωk141_7959_1	UniRef100_Q02AZ0~K00891	45.1	162	81	3	10	165	11	170	5.00e-30	114
bin.002Ωk141_6267_2	UniRef100_H1XYJ7~K01419	65.7	175	60	0	3	177	8	182	4.65e-77	233
bin.002Ωk141_3570_1	UniRef100_A0A1L3GJB5~K13643	31.3	147	91	2	22	168	1	137	2.33e-12	67.4
bin.002Ωk141_3506_3	UniRef100_Q0VQT9~K06149	30.6	144	94	4	28	170	3	141	2.60e-08	56.6
bin.002Ωk141_5899_3	UniRef100_L0D7Z8~K03270	46.1	167	89	1	4	169	9	175	5.04e-46	154
bin.002Ωk141_8035_5	UniRef100_P73728~K03386	69.6	171	52	0	3	173	4	174	2.88e-90	267
bin.002Ωk141_3291_3	UniRef100_F0LVB0~K03638	59.1	164	67	0	1	164	1	164	1.85e-63	198
bin.002Ωk141_5284_2	UniRef100_B1Z636~K07497	60.4	154	61	0	18	171	7	160	5.70e-64	199
bin.002Ωk141_1409_2	UniRef100_A0A0H5CN42~K01817	36.5	167	90	4	1	167	14	164	3.26e-11	64.7
bin.002Ωk141_1311_3	UniRef100_V5WJ07~K01494	74.0	173	45	0	1	173	1	173	2.01e-94	277
bin.002Ωk141_7380_2	UniRef100_H2J2A4~K11901	47.5	160	83	1	5	164	4	162	1.12e-43	148
bin.002Ωk141_6579_4	UniRef100_B5EJM6~K10026	47.1	172	91	0	1	172	42	213	1.93e-50	167
bin.002Ωk141_7754_3	UniRef100_L8ARZ7~K02653	36.6	142	87	1	1	139	1	142	4.30e-24	98.2
bin.002Ωk141_2341_2	UniRef100_W5WWF6~K03501	45.9	170	85	4	2	167	38	204	7.15e-35	127
bin.002Ωk141_4419_1	UniRef100_Q474I9~K00275	55.8	172	75	1	1	172	13	183	2.09e-61	194
bin.002Ωk141_3478_6	UniRef100_E8V4N2~K01462	53.6	166	77	0	3	168	4	169	2.13e-56	180
bin.002Ωk141_6443_1	UniRef100_S5N7N3~K07683	32.3	161	103	4	6	164	23	179	1.13e-14	74.3
bin.002Ωk141_187_4	UniRef100_W0DJM6~K03637	58.6	152	61	1	14	163	4	155	7.03e-51	166
bin.002Ωk141_7601_4	UniRef100_A0A143PTA1~K02988	63.2	155	57	0	9	163	11	165	5.84e-61	192
bin.002Ωk141_2726_2	UniRef100_Q1D6Z1~K00954	59.1	159	64	1	1	159	1	158	1.19e-62	196
bin.002Ωk141_1950_5	UniRef100_A0A0F7PF29~K13771	50.3	151	75	0	1	151	1	151	2.07e-45	152
bin.002Ωk141_3590_2	UniRef100_F0S9X7~K03719	42.8	145	83	0	8	152	1	145	2.37e-36	129
bin.002Ωk141_3076_1	UniRef100_A0A150BR99~K15973	33.1	142	91	3	22	163	6	143	8.03e-09	57.8
bin.002Ωk141_4915_2	UniRef100_K0EL91~K01791	69.2	159	48	1	1	159	2	159	2.22e-75	228
bin.002Ωk141_3100_2	UniRef100_D8MKW5~K05785	34.4	160	94	6	1	154	1	155	1.03e-14	73.6
bin.002Ωk141_6606_2	UniRef100_Q15R67~K11991	55.9	143	62	1	6	147	9	151	2.85e-46	154
bin.002Ωk141_119_1	UniRef100_G2LI80~K06883	76.5	162	38	0	1	162	32	193	2.12e-84	252
bin.002Ωk141_1809_1	UniRef100_K0MW76~K00876	35.9	156	99	1	8	163	2	156	1.51e-26	103
bin.002Ωk141_5267_1	UniRef100_A0A0X1RXE1~K03088	31.0	155	101	3	12	164	9	159	7.22e-11	63.9
bin.002Ωk141_7207_5	UniRef100_Q24UI2~K09748	41.6	149	85	1	8	156	2	148	2.12e-33	121
bin.002Ωk141_3215_5	UniRef100_A0A0S2KFF2~K03101	49.0	153	77	1	5	156	19	171	2.63e-48	159
bin.002Ωk141_7942_1	UniRef100_E4Q4D8~K00760	58.6	157	64	1	4	159	9	165	1.27e-57	183
bin.002Ωk141_5616_2	UniRef100_A0A0M4R2T4~K03595	38.0	142	86	1	8	149	5	144	7.39e-23	94.4
bin.002Ωk141_6546_2	UniRef100_C7RD11~K03594	58.4	154	64	0	1	154	1	154	9.52e-58	183
bin.002Ωk141_8_2	UniRef100_A0A1L6LLG6~K12132	38.5	148	86	2	8	150	14	161	2.95e-27	106
bin.002Ωk141_5530_4	UniRef100_B4U8R8~K03711	36.2	149	93	1	12	160	1	147	3.09e-32	118
bin.002Ωk141_4869_2	UniRef100_B8HT77~K07107	48.9	139	70	1	14	152	3	140	2.13e-35	125
bin.002Ωk141_2520_1	UniRef100_A0A143PND5~K12132	43.7	158	79	4	8	160	10	162	2.28e-30	114
bin.002Ωk141_4959_2	UniRef100_Q2SLN6~K02348	54.0	150	64	2	9	154	9	157	5.69e-51	166
bin.002Ωk141_503_2	UniRef100_G8NZL1~K03624	48.2	141	73	0	9	149	8	148	6.51e-40	137
bin.002Ωk141_3248_4	UniRef100_H0UHG0~K03088	33.1	151	94	1	16	159	8	158	2.96e-22	93.6
bin.002Ωk141_7095_6	UniRef100_A0A075K554~K07107	42.7	143	82	0	8	150	2	144	5.64e-39	135
bin.002Ωk141_7117_3	UniRef100_Q08Q34~K03402	38.3	133	81	1	19	150	1	133	2.78e-20	87.0
bin.002Ωk141_666_3	UniRef100_A0A143B4U9~K02992	69.9	156	47	0	1	156	1	156	2.74e-76	229
bin.002Ωk141_2301_4	UniRef100_A0A1Q2MHU3~K02488	34.8	138	87	2	4	140	5	140	1.65e-15	75.1
bin.002Ωk141_5057_2	UniRef100_A0A221IML2~K02485	63.2	144	53	0	5	148	6	149	8.99e-60	187
bin.002Ωk141_5050_2	UniRef100_K9XX99~K03664	58.5	147	59	2	3	148	8	153	9.61e-55	175
bin.002Ωk141_4866_2	UniRef100_K0NL56~K03411	39.6	139	80	2	15	152	14	149	4.20e-23	95.1
bin.002Ωk141_691_1	UniRef100_B9L111~K07560	61.7	149	56	1	1	149	1	148	6.53e-50	162
bin.002Ωk141_2309_3	UniRef100_B3QTF0~K04757	34.3	140	88	2	1	139	3	139	1.01e-21	90.9
bin.002Ωk141_2210_1	UniRef100_A0A172U7F6~K03564	62.0	150	57	0	2	151	4	153	9.83e-64	197
bin.002Ωk141_6150_2	UniRef100_C1F4C0~K02456	51.0	149	69	2	3	151	24	168	1.31e-42	144
bin.002Ωk141_3602_1	UniRef100_A0A0K6BUH9~K05800	51.4	148	72	0	2	149	4	151	1.16e-45	152
bin.002Ωk141_7340_3	UniRef100_Q11Y47~K07491	36.0	139	88	1	4	142	2	139	4.64e-22	91.7
bin.002Ωk141_2859_2	UniRef100_J0BSN1~K02485	42.1	145	76	1	5	149	2	138	2.33e-32	117
bin.002Ωk141_2101_4	UniRef100_M1PTH6~K02422	37.1	132	73	2	15	136	4	135	3.76e-20	87.0
bin.002Ωk141_7024_2	UniRef100_I7BTP9~K03412	41.8	141	79	1	1	141	26	163	4.36e-31	115
bin.002Ωk141_3576_4	UniRef100_B2A5P7~K06925	39.8	133	77	2	9	141	5	134	1.28e-24	98.6
bin.002Ωk141_3166_4	UniRef100_A0A2C0PPZ9~K02614	31.1	132	76	3	16	147	9	125	2.06e-13	68.9
bin.002Ωk141_6826_3	UniRef100_A0A1B1AIL2~K01520	62.8	145	52	1	5	147	6	150	2.26e-56	179
bin.002Ωk141_3968_2	UniRef100_A0A143PNE7~K04757	41.0	139	76	2	11	143	4	142	5.41e-29	109
bin.002Ωk141_7453_4	UniRef100_G2LGJ3~K02793	43.4	129	73	0	20	148	4	132	5.73e-34	121
bin.002Ωk141_256_1	UniRef100_S4Z402~K01673	34.7	147	90	3	1	147	13	153	2.77e-16	77.0
bin.002Ωk141_2081_3	UniRef100_A0A143PV48~K02939	54.2	144	65	1	1	143	2	145	6.32e-40	137
bin.002Ωk141_5696_8	UniRef100_A0A0M4LGJ6~K06446	40.8	147	81	2	1	141	22	168	7.54e-25	99.4
bin.002Ωk141_7601_2	UniRef100_Q8R7X2~K02876	60.5	147	56	1	1	145	1	147	1.60e-52	169
bin.002Ωk141_3375_3	UniRef100_A0A1B3M3U5~K13655	62.9	132	49	0	1	132	1	132	3.26e-56	177
bin.002Ωk141_2459_2	UniRef100_Q0AW12~K04757	38.3	128	78	1	9	135	5	132	2.96e-25	99.4
bin.002Ωk141_234_7	UniRef100_A0A142XSB7~K03179	47.1	138	66	2	9	139	9	146	6.55e-24	96.7
bin.002Ωk141_6348_4	UniRef100_A0A0N9M2F5~K09936	46.2	145	78	0	1	145	1	145	2.41e-42	143
bin.002Ωk141_2413_3	UniRef100_A0A143PVB9~K03925	36.7	147	88	2	5	146	2	148	3.70e-26	102
bin.002Ωk141_4040_2	UniRef100_L7VQR4~K01489	45.3	128	66	2	14	141	6	129	5.45e-34	121
bin.002Ωk141_3602_2	UniRef100_A0A0A1FET0~K07107	47.5	118	59	2	9	125	10	125	2.67e-29	109
bin.002Ωk141_3816_3	UniRef100_Q8RCD5~K13626	33.8	142	93	1	2	142	1	142	2.12e-27	105
bin.002Ωk141_732_3	UniRef100_D0MIA5~K04757	32.6	132	84	3	13	140	2	132	5.85e-11	62.4
bin.002Ωk141_2511_2	UniRef100_A0A0G3XUV0~K06446	39.6	134	81	0	1	134	1	134	8.45e-26	101
bin.002Ωk141_1232_6	UniRef100_Q988W8~K06903	45.0	129	65	2	6	134	7	129	2.05e-24	97.1
bin.002Ωk141_1193_2	UniRef100_D0MJE5~K03559	31.4	140	83	5	4	133	7	143	4.71e-09	57.8
bin.002Ωk141_2774_1	UniRef100_M1WNG2~K02520	55.7	131	58	0	1	131	20	150	7.28e-49	159
bin.002Ωk141_7547_1	UniRef100_D5ELN4~K02658	34.2	120	77	2	6	124	1	119	4.33e-17	77.8
bin.002Ωk141_877_2	UniRef100_A0A0F6RDH4~K15067	66.7	135	45	0	6	140	3	137	9.05e-58	181
bin.002Ωk141_6088_3	UniRef100_O66920~K13640	54.1	133	57	4	7	139	3	131	3.44e-40	137
bin.002Ωk141_4761_2	UniRef100_C6E0H6~K00940	65.7	137	47	0	3	139	1	137	2.99e-60	187
bin.002Ωk141_6743_6	UniRef100_A0A0H4X8Q7~K03560	46.3	134	71	1	7	139	9	142	2.75e-31	115
bin.002Ωk141_4332_2	UniRef100_F0S507~K04750	53.8	132	60	1	3	133	5	136	2.24e-44	147
bin.002Ωk141_5642_4	UniRef100_A0A249NR33~K06929	46.5	114	61	0	17	130	20	133	1.49e-24	97.4
bin.002Ωk141_639_2	UniRef100_I7EAW8~K19591	49.2	124	63	0	4	127	3	126	4.82e-35	123
bin.002Ωk141_6688_1	UniRef100_E4SE72~K02387	41.3	121	62	2	10	127	7	121	2.65e-17	78.6
bin.002Ωk141_1272_2	UniRef100_A0A0M3QGK7~K11905	32.1	137	81	3	8	135	7	140	1.08e-14	72.0
bin.002Ωk141_5996_3	UniRef100_Q5DZT6~K01759	57.8	128	53	1	3	130	7	133	1.39e-47	155
bin.002Ωk141_7914_6	UniRef100_E4TX86~K02879	62.1	116	44	0	1	116	1	116	2.37e-39	134
bin.002Ωk141_7914_4	UniRef100_A0A1E7YR44~K02948	68.2	132	42	0	1	132	1	132	5.53e-60	186
bin.002Ωk141_7654_1	UniRef100_W6ENS7~K07152	30.6	121	73	2	6	120	1	116	1.59e-14	71.2
bin.002Ωk141_2767_1	UniRef100_A1K833~K02986	43.6	110	60	2	1	110	1	108	5.71e-17	77.0
bin.002Ωk141_6683_1	UniRef100_A0A250K4W9~K06996	54.1	122	54	2	12	131	6	127	1.02e-40	137
bin.002Ωk141_4341_3	UniRef100_B5EKA7~K03892	43.4	129	66	2	6	131	7	131	3.89e-34	121
bin.002Ωk141_7850_2	UniRef100_G2LGN9~K02996	72.4	127	35	0	4	130	3	129	8.93e-58	181
bin.002Ωk141_7127_2	UniRef100_Q72E05~K02114	41.4	128	75	0	1	128	5	132	1.07e-23	94.7
bin.002Ωk141_406_2	UniRef100_B8FD42~K19172	49.6	121	59	2	1	120	1	120	1.23e-38	132
bin.002Ωk141_5042_2	UniRef100_A0A0B5QUP7~K21902	42.3	123	70	1	5	126	4	126	8.06e-25	97.4
bin.002Ωk141_764_2	UniRef100_A0A290SF39~K02171	45.2	124	64	1	1	120	1	124	4.06e-29	108
bin.002Ωk141_4099_1	UniRef100_R4MBE4~K03553	69.7	122	37	0	7	128	5	126	3.23e-53	169
bin.002Ωk141_2446_2	UniRef100_A0A023X587~K02935	72.4	123	34	0	4	126	3	125	5.14e-44	145
bin.002Ωk141_4193_1	UniRef100_A0A143PRE8~K07738	62.5	128	48	0	1	128	1	128	3.69e-54	172
bin.002Ωk141_3343_2	UniRef100_F3ZW80~K07979	37.7	122	76	0	1	122	1	122	1.01e-18	81.6
bin.002Ωk141_666_2	UniRef100_A0LII6~K02950	85.4	123	18	0	1	123	1	123	2.08e-72	217
bin.002Ωk141_2210_3	UniRef100_A0A1D8TUK1~K01759	71.4	126	36	0	1	126	1	126	2.56e-61	190
bin.002Ωk141_3645_1	UniRef100_A0A0S3TP80~K09940	35.5	121	73	3	9	126	12	130	1.36e-16	76.6
bin.002Ωk141_1193_1	UniRef100_H1XYW4~K03559	33.3	117	75	1	6	122	8	121	4.26e-13	67.4
bin.002Ωk141_7353_5	UniRef100_A0A0G3WFF3~K02990	36.9	103	65	0	4	106	3	105	4.39e-17	77.4
bin.002Ωk141_1711_1	UniRef100_A0A1Q2HMP4~K03413	39.0	123	73	2	1	123	1	121	1.20e-16	76.3
bin.002Ωk141_5918_1	UniRef100_A0A1V0DHR2~K06204	43.9	107	60	0	15	121	4	110	2.93e-22	90.1
bin.002Ωk141_6940_2	UniRef100_P74138~K02485	62.2	119	45	0	1	119	4	122	1.32e-47	154
bin.002Ωk141_6802_2	UniRef100_A0A1X9MFJ3~K00759	51.2	125	61	0	1	125	1	125	4.97e-37	128
bin.002Ωk141_6259_3	UniRef100_C0QSS1~K07042	40.8	125	70	2	3	123	24	148	1.63e-22	92.0
bin.002Ωk141_926_1	UniRef100_A0A1S3ZPF0~K09458	35.2	122	77	2	1	121	23	143	4.53e-17	77.8
bin.002Ωk141_4123_3	UniRef100_A0A143PTX1~K02874	78.7	122	26	0	1	122	1	122	6.32e-59	183
bin.002Ωk141_7914_3	UniRef100_A0A097ATM7~K02952	67.2	122	40	0	1	122	1	122	6.15e-50	160
bin.002Ωk141_5705_2	UniRef100_A0A1B2R1G0~K04764	38.1	113	57	1	3	115	8	107	3.49e-20	84.7
bin.002Ωk141_894_2	UniRef100_A0A0D6JAI7~K10914	32.1	106	68	1	13	118	20	121	3.27e-12	64.7
bin.002Ωk141_6929_2	UniRef100_F2LTK9~K03413	69.4	121	34	3	1	119	1	120	5.62e-51	163
bin.002Ωk141_6552_1	UniRef100_A0A1C9VMD7~K03224	65.6	122	42	0	1	122	6	127	6.85e-48	155
bin.002Ωk141_6268_1	UniRef100_A0A0F7CTU2~K11443	30.6	108	73	1	2	107	9	116	6.22e-12	63.9
bin.002Ωk141_3309_1	UniRef100_Q0VNR0~K02237	44.0	100	56	0	22	121	7	106	9.47e-17	75.9
bin.002Ωk141_7601_5	UniRef100_E6SKY4~K02881	64.7	119	41	1	3	120	6	124	1.29e-44	147
bin.002Ωk141_2353_2	UniRef100_E6W5R1~K03413	67.2	119	38	1	1	118	6	124	1.00e-53	170
bin.002Ωk141_2774_3	UniRef100_A0A1W6BZ29~K02887	57.3	117	50	0	1	117	1	117	4.25e-39	132
bin.002Ωk141_4292_1	UniRef100_D9S059~K02490	36.4	99	60	1	24	119	4	102	1.78e-16	75.5
bin.002Ωk141_7850_1	UniRef100_A0A075K7N5~K02871	62.4	117	44	0	1	117	28	144	1.40e-47	155
bin.002Ωk141_5107_2	UniRef100_Q31GC1~K00537	62.4	117	44	0	1	117	1	117	6.18e-43	142
bin.002Ωk141_7184_3	UniRef100_B8F9A3~K07484	53.7	108	50	0	9	116	8	115	4.81e-37	127
bin.002Ωk141_2309_2	UniRef100_H1XTN0~K04749	39.1	110	67	0	1	110	1	110	9.33e-27	101
bin.002Ωk141_167_2	UniRef100_C1F4D1~K04749	41.2	114	65	1	1	114	1	112	8.64e-20	83.6
bin.002Ωk141_4982_3	UniRef100_W8F1Q2~K02437	56.4	110	48	0	1	110	15	124	2.41e-41	138
bin.002Ωk141_1248_2	UniRef100_A0A0S3QV55~K02890	58.2	110	46	0	1	110	1	110	3.52e-33	117
bin.002Ωk141_3883_3	UniRef100_F3LQ47~K03711	47.2	108	54	2	1	107	20	125	3.54e-28	105
bin.002Ωk141_7172_1	UniRef100_K0NNF3~K08972	51.6	95	46	0	17	111	17	111	1.09e-21	88.2
bin.002Ωk141_3291_4	UniRef100_A0A1V0DCY1~K04749	31.8	110	74	1	1	109	1	110	1.09e-11	62.8
bin.002Ωk141_4971_1	UniRef100_A0A143HJ22~K09951	70.3	91	27	0	1	91	3	93	2.89e-42	139
bin.002Ωk141_6940_1	UniRef100_A0A160FS51~K21023	39.6	106	62	1	1	104	23	128	7.20e-21	86.7
bin.002Ωk141_6839_3	UniRef100_A0A0N9LP26~K04749	36.4	107	68	0	1	107	1	107	2.35e-20	84.7
bin.002Ωk141_2101_2	UniRef100_A0A0G3X8S2~K03210	43.7	103	58	0	5	107	2	104	3.09e-22	89.4
bin.002Ωk141_2430_5	UniRef100_A0A2I1SN67~K08998	41.1	95	49	2	11	105	4	91	1.02e-15	72.4
bin.002Ωk141_3370_2	UniRef100_K7YXW2~K07451	48.4	95	49	0	1	95	1	95	5.66e-30	108
bin.002Ωk141_578_2	UniRef100_A0A150WFV4~K02946	77.9	104	23	0	1	104	1	104	8.44e-52	164
bin.002Ωk141_4129_3	UniRef100_X4ZE19~K09747	39.6	106	56	3	4	104	1	103	1.33e-14	69.7
bin.002Ωk141_3291_6	UniRef100_A0A1Y0GA29~K05524	58.1	105	39	1	1	105	1	100	3.64e-37	127
bin.002Ωk141_3797_3	UniRef100_A0A1D8RSM7~K11741	45.2	104	57	0	1	104	1	104	3.18e-25	96.7
bin.002Ωk141_5125_2	UniRef100_A0A1B3MN66~K04749	33.0	91	60	1	13	103	19	108	8.53e-08	52.4
bin.002Ωk141_4123_2	UniRef100_A0A1L3LL32~K02895	60.0	100	40	0	4	103	3	102	3.34e-36	124
bin.002Ωk141_7786_3	UniRef100_A0A1D8TMD4~K12957	45.7	94	51	0	10	103	2	95	1.91e-27	102
bin.002Ωk141_5540_6	UniRef100_A4VWK8~K02909	49.5	91	46	0	11	101	3	93	3.08e-25	96.3
bin.002Ωk141_604_3	UniRef100_A0A143PFY3~K06891	53.8	93	43	0	10	102	21	113	4.52e-31	111
bin.002Ωk141_604_2	UniRef100_A0A0X3WIZ8~K02954	57.4	101	43	0	1	101	1	101	3.56e-30	108
bin.002Ωk141_6030_3	UniRef100_Q6D3I6~K19092	39.4	94	56	1	3	95	1	94	2.22e-17	76.3
bin.002Ωk141_3708_1	UniRef100_D7GTV9~K02003	52.0	100	48	0	1	100	19	118	2.90e-26	99.8
bin.002Ωk141_187_3	UniRef100_A0A1I2PLY2~K07574	43.4	99	53	2	4	99	1	99	7.46e-20	82.8
bin.002Ωk141_7624_1	UniRef100_F0Y407~K14407	35.8	81	51	1	1	80	1	81	6.40e-09	54.3
bin.002Ωk141_1248_5	UniRef100_A0A0L0EUS0~K02892	53.7	95	43	1	3	97	5	98	3.22e-25	96.3
bin.002Ωk141_4000_2	UniRef100_A0A089L785~K09951	57.3	96	41	0	1	96	1	96	1.54e-31	112
bin.002Ωk141_5696_2	UniRef100_D0LRR4~K04078	65.3	95	33	0	1	95	1	95	3.72e-39	131
bin.002Ωk141_5696_4	UniRef100_A0A1C7PDY8~K03530	30.3	89	60	1	8	94	1	89	2.80e-08	52.8
bin.002Ωk141_1248_3	UniRef100_E4TEQ4~K02965	83.1	83	14	0	1	83	1	83	4.20e-46	148
bin.002Ωk141_1221_2	UniRef100_Q1QTW2~K02078	61.4	83	31	1	4	86	3	84	3.90e-27	100
bin.002Ωk141_5410_2	UniRef100_H2FVW4~K09764	46.2	93	50	0	1	93	1	93	3.59e-24	93.2
bin.002Ωk141_1053_1	UniRef100_A0A0K1PEE0~K00324	74.4	90	23	0	1	90	3	92	6.74e-41	135
bin.002Ωk141_6770_1	UniRef100_A0A1P8KAT1~K03438	43.4	76	43	0	1	76	10	85	1.34e-08	53.5
bin.002Ωk141_6715_2	UniRef100_F8A946~K02110	41.5	94	45	2	6	90	8	100	1.51e-09	56.6
bin.002Ωk141_241_2	UniRef100_L1QAT2~K01512	43.4	83	47	0	10	92	7	89	1.60e-17	76.3
bin.002Ωk141_1297_3	UniRef100_A0A165LKJ5~K02314	48.1	81	32	2	2	82	12	82	3.17e-14	67.8
bin.002Ωk141_3385_3	UniRef100_A4VFY5~K06720	61.8	89	33	1	1	88	15	103	3.92e-37	126
bin.002Ωk141_4484_2	UniRef100_I3THG0~K03676	61.2	85	33	0	6	90	2	86	8.11e-33	114
bin.002Ωk141_1950_3	UniRef100_A0A1Y0G8Y2~K16868	38.0	92	55	2	1	90	1	92	1.60e-10	58.9
bin.002Ωk141_7810_2	UniRef100_A0A0U3TDH9~K03636	30.9	81	56	0	10	90	11	91	4.04e-07	49.7
bin.002Ωk141_3375_2	UniRef100_A0A0H3FP36~K13651	60.5	86	34	0	1	86	1	86	1.50e-30	109
bin.002Ωk141_4011_2	UniRef100_A0A143PR01~K03530	45.3	86	47	0	1	86	1	86	2.94e-19	80.5
bin.002Ωk141_3816_5	UniRef100_K8E2M3~K00831	56.3	87	38	0	1	87	1	87	3.29e-26	98.6
bin.002Ωk141_7453_3	UniRef100_B2UML9~K11189	55.2	87	39	0	1	87	1	87	3.99e-26	97.8
bin.002Ωk141_833_1	UniRef100_B7FSF3~K14407	42.5	73	42	0	4	76	1	73	1.81e-15	70.5
bin.002Ωk141_4845_2	UniRef100_E4TJP3~K02420	50.0	88	44	0	1	88	1	88	5.41e-22	87.4
bin.002Ωk141_6715_7	UniRef100_A0A075JKH0~K01952	60.5	76	27	1	7	82	1	73	2.63e-25	95.5
bin.002Ωk141_1221_3	UniRef100_A0A1W6VC06~K02078	51.2	82	40	0	2	83	4	85	1.03e-22	89.0
bin.002Ωk141_4761_1	UniRef100_A0A1S3Y7E9~K01899	58.0	81	33	1	1	80	5	85	1.24e-25	96.7
bin.002Ωk141_3866_2	UniRef100_A0A143PSM3~K02968	53.7	82	37	1	1	81	1	82	2.49e-16	72.8
bin.002Ωk141_503_4	UniRef100_W0BHT4~K03110	54.4	79	36	0	2	80	12	90	2.47e-24	93.2
bin.002Ωk141_1751_3	UniRef100_L0IJF3~K03666	48.6	70	36	0	1	70	1	70	5.27e-19	79.3
bin.002Ωk141_3186_3	UniRef100_B0SSC3~K07390	59.8	82	33	0	1	82	1	82	6.76e-30	107
bin.002Ωk141_3816_4	UniRef100_A0A0M2EBV5~K03563	55.7	79	30	1	1	79	1	74	4.75e-20	81.6
bin.002Ωk141_2037_3	UniRef100_A6Q1R9~K02078	67.9	78	25	0	1	78	1	78	4.80e-27	99.4
bin.002Ωk141_996_2	UniRef100_A0A109QIE4~K02078	40.0	70	42	0	5	74	4	73	3.61e-10	56.6
bin.002Ωk141_992_3	UniRef100_B5ZH87~K11209	41.0	78	41	3	1	74	1	77	3.64e-10	57.0
bin.002Ωk141_6985_2	UniRef100_G8SK10~K05375	61.9	63	24	0	11	73	6	68	4.07e-23	89.0
bin.002Ωk141_425_4	UniRef100_G2RS55~K07571	44.4	63	35	0	1	63	6	68	4.92e-11	58.5
bin.002Ωk141_7914_2	UniRef100_Q1IS99~K02518	87.5	72	9	0	1	72	1	72	4.87e-40	131
bin.002Ωk141_3547_1	UniRef100_A0A0D6JBG4~K05527	43.4	76	39	1	1	72	1	76	1.46e-12	62.8
bin.002Ωk141_575_4	UniRef100_F8A8B8~K02970	42.9	63	36	0	4	66	4	66	2.92e-08	51.2
bin.002Ωk141_4123_4	UniRef100_F4LSU4~K02961	67.1	70	23	0	1	70	15	84	3.05e-27	99.8
bin.002Ωk141_2774_2	UniRef100_W8T5S1~K02916	71.4	63	18	0	1	63	1	63	2.23e-24	91.7
bin.002Ωk141_8_1	UniRef100_G8NPD5~K02902	61.3	62	23	1	1	62	1	61	1.15e-21	84.7
bin.002Ωk141_7053_3	UniRef100_L0EH45~K07484	55.6	54	24	0	9	62	9	62	3.98e-13	63.2
bin.002Ωk141_2037_5	UniRef100_A5FV67~K02911	61.7	60	23	0	1	60	1	60	8.41e-19	77.4
bin.002Ωk141_3780_2	UniRef100_A0A0G4ARR7~K03073	33.3	51	34	0	2	52	3	53	6.44e-06	44.7
bin.002Ωk141_3166_10	UniRef100_G2MKK5~K05826	58.8	51	21	0	10	60	6	56	1.02e-15	69.3
bin.002Ωk141_3708_4	UniRef100_A0A0X8GRM0~K05375	42.9	56	29	3	3	57	7	60	5.15e-08	50.1
bin.002Ωk141_7601_3	UniRef100_A0A126NPY4~K02907	48.3	58	30	0	1	58	6	63	4.17e-11	57.8
bin.002Ωk141_604_1	UniRef100_A0A1W6N6I3~K02919	65.9	41	14	0	1	41	1	41	4.48e-14	64.3
